,Compound,Negative,Neutral,Positive,Time Stamp,Tweet,Tweet_Ago,User
0,0.5719,0.0,0.598,0.402,03-10-2018 06:38:00,Chile creates law to protect its ocean habitat https://t.co/3ZV7g76L31,0,@BBCWorld
1,-0.7096,0.414,0.442,0.144,03-09-2018 18:39:02,Report finds US hospital failed to protect infants from abuse https://t.co/LIp3OEVs07,1,@BBCWorld
2,0.4019,0.0,0.803,0.197,03-09-2018 09:18:55,Russian spy: Foreign minister says Russia willing to help in inquiry https://t.co/DGsNyBTzo6,2,@BBCWorld
3,0.0,0.0,1.0,0.0,03-09-2018 01:37:24,"RT @BBCKarishma: As @POTUS announces he's going to meet NK's Kim Jong Un by May, here's a piece I wrote earlier in the year about why NK ap‚Ä¶",3,@BBCWorld
4,0.0,0.0,1.0,0.0,03-08-2018 16:44:53,"RT @bbc5live: ‚ÄúHe was a gem""

Oscar-winning actress @SusanSarandon tells @AnnaeFoster the late Paul Newman once gave her part of his salary‚Ä¶",4,@BBCWorld
5,-0.4588,0.3,0.7,0.0,03-08-2018 10:29:45,Saudi lion tamer held after girl attacked https://t.co/DBAnkcdVUT,5,@BBCWorld
6,0.5719,0.0,0.761,0.239,03-08-2018 04:49:21,RT @SallyBundockBBC: Morning - getting ready for #BBCTheBriefing. @hare_brain will join me to discuss key issues on #InternationalWomensDay‚Ä¶,6,@BBCWorld
7,-0.8591,0.613,0.387,0.0,03-07-2018 16:48:16,German far-right terror group members jailed for attacks https://t.co/3ITFKDhYWA,7,@BBCWorld
8,-0.4019,0.252,0.748,0.0,03-07-2018 08:17:45,Terminal illness led to Australia's first same-sex marriage https://t.co/WrPYmBLXE8,8,@BBCWorld
9,0.0,0.0,1.0,0.0,03-07-2018 00:36:45,The girl who sabotaged her own wedding https://t.co/MmfykZHUPl,9,@BBCWorld
10,-0.7783,0.459,0.541,0.0,03-06-2018 16:17:44,USS Lexington: World War Two aircraft carrier wreck found https://t.co/m8oUxkAjTc,10,@BBCWorld
11,-0.7906,0.5,0.5,0.0,03-06-2018 11:21:00,Syria war: 'Chlorine attack' on besieged Eastern Ghouta https://t.co/51skSNZBah,11,@BBCWorld
12,-0.3818,0.224,0.776,0.0,03-06-2018 04:54:34,Afrin: What is going on in Syria's other battle? https://t.co/WfZ9BlFlGb,12,@BBCWorld
13,0.0,0.0,1.0,0.0,03-05-2018 19:21:04,Germany's gender-neutral anthem alternative met with resistance https://t.co/BhdKDBZk0Y,13,@BBCWorld
14,0.0,0.0,1.0,0.0,03-05-2018 12:07:21,Oscars 2018: who or what is an inclusion rider? https://t.co/X6yeKs9cBs,14,@BBCWorld
15,0.0,0.0,1.0,0.0,03-05-2018 04:37:55,China NPC: Government sets trillion yuan military budget https://t.co/ZSNSJr3hdc,15,@BBCWorld
16,0.0,0.0,1.0,0.0,03-05-2018 02:18:17,US aircraft carrier Carl Vinson in historic Vietnam visit https://t.co/jbXTXKiWVu,16,@BBCWorld
17,0.0516,0.254,0.476,0.27,03-04-2018 21:04:09,Jailed school shooter praises Florida student activists https://t.co/P1QSGZ5XPQ,17,@BBCWorld
18,-0.4588,0.273,0.727,0.0,03-04-2018 08:46:03,President Trump mocks Jared Kushner at annual dinner https://t.co/tSgKviwO3G,18,@BBCWorld
19,0.743,0.0,0.622,0.378,03-03-2018 15:05:14,Ice skaters enjoy frozen canals in the Netherlands thanks to Europe's big freeze ‚õ∏Ô∏è https://t.co/uk6dVR6Vby,19,@BBCWorld
20,0.3612,0.0,0.762,0.238,03-03-2018 02:09:10,The news that made us smile this week https://t.co/GGxUYrfQW1,20,@BBCWorld
21,-0.5423,0.333,0.667,0.0,03-02-2018 15:09:40,Deadly avalanche in French Alps kills four https://t.co/wZA9b9IgAP,21,@BBCWorld
22,0.0,0.0,1.0,0.0,03-02-2018 03:29:03,"Swimmer, 99, 'breaks world record' in Australia https://t.co/1SFOYTlvZo",22,@BBCWorld
23,0.5106,0.0,0.538,0.462,03-01-2018 19:16:49,Russia describes reach of 'invincible missile' https://t.co/498tanvs0H,23,@BBCWorld
24,0.0,0.0,1.0,0.0,03-01-2018 12:59:23,Bill Gates says crypto-currencies cause deaths https://t.co/hCUlA2vJWh,24,@BBCWorld
25,-0.2732,0.208,0.792,0.0,03-01-2018 02:22:00,"Pesticides put bees at risk, European watchdog confirms https://t.co/cobUEo4arS",25,@BBCWorld
26,-0.7184,0.462,0.538,0.0,02-28-2018 18:37:56,Iran wrestling officials resign over Israel competition ban https://t.co/oxL8QRgHBU,26,@BBCWorld
27,0.0,0.0,1.0,0.0,02-28-2018 13:22:17,Taliban offer: Afghan President Ashraf Ghani seeks talks https://t.co/ms1ubllKbE,27,@BBCWorld
28,-0.5106,0.478,0.252,0.27,02-28-2018 06:25:27,'Euphoria killing' women jailed in Australia https://t.co/G6GXm4eUgS,28,@BBCWorld
29,0.0,0.0,1.0,0.0,02-28-2018 00:48:23,Antony Wong: Hong Kong actor on looking for his father https://t.co/D8E0DAlEWe,29,@BBCWorld
30,-0.296,0.268,0.732,0.0,02-27-2018 17:33:09,US cuts Cambodia aid over crackdown https://t.co/V3F87DEohz,30,@BBCWorld
31,0.2023,0.0,0.816,0.184,02-27-2018 11:04:58,Top Australian police officer quits over 'racist' comments https://t.co/JpCrpQ8mM2,31,@BBCWorld
32,-0.6908,0.354,0.552,0.094,02-27-2018 00:33:46,How do you escape an abusive relationship when no one will listen? https://t.co/VCjGKxVkUk,32,@BBCWorld
33,-0.7717,0.489,0.511,0.0,02-26-2018 16:23:18,Slovakia shocked by killing of journalist and partner https://t.co/c6nn7sDJ6i,33,@BBCWorld
34,0.0,0.0,1.0,0.0,02-26-2018 11:08:57,Turkey's Erdogan in row over 'girl martyr' comment on TV https://t.co/i6VBQcKAA6,34,@BBCWorld
35,0.0,0.0,1.0,0.0,02-26-2018 00:58:48,Rare photographs that changed lives https://t.co/2RKLbWNU5A,35,@BBCWorld
36,0.0,0.0,1.0,0.0,02-25-2018 11:41:39,N Korea 'willing to hold US talks' https://t.co/MDdTSX8PRM,36,@BBCWorld
37,0.4019,0.0,0.722,0.278,02-24-2018 18:17:08,Trump tax reform gives Buffett $29bn boost https://t.co/OS1U3wO4Gp,37,@BBCWorld
38,0.5106,0.0,0.708,0.292,02-24-2018 02:56:13,Africans at the Winter Olympics: Inspirational - or glory-hunters? https://t.co/XvJOxK20wI,38,@BBCWorld
39,-0.34,0.324,0.676,0.0,02-23-2018 17:36:29,Doping whistleblower in Olympics warning https://t.co/oQ71feb6zr,39,@BBCWorld
40,-0.6597,0.474,0.526,0.0,02-23-2018 14:29:07,Armed teacher's fear? 'Missing and hitting a student' https://t.co/7WUEA5uESi,40,@BBCWorld
41,0.0,0.0,1.0,0.0,02-23-2018 07:22:56,Florida armed school guard 'never went in' https://t.co/ZflbbA87pm,41,@BBCWorld
42,0.1531,0.0,0.849,0.151,02-22-2018 18:21:16,Justin Trudeau rescinds India dinner invite to Sikh separatist https://t.co/NrPcP0M41O,42,@BBCWorld
43,0.0,0.0,1.0,0.0,02-22-2018 13:56:51,"Don't look down! üò£

World's longest glass bridge visited by thousands in China every day https://t.co/AJvHVZga2h",43,@BBCWorld
44,0.4019,0.0,0.69,0.31,02-22-2018 08:42:35,Justin Trudeau's 'Bollywood' wardrobe amuses Indians https://t.co/gAc8JxXSRl,44,@BBCWorld
45,0.0516,0.19,0.603,0.207,02-21-2018 23:13:42,Trump endorses guns for teachers to stop shootings https://t.co/iyweXTRjyk,45,@BBCWorld
46,-0.0772,0.219,0.584,0.197,02-21-2018 16:13:22,Pakistani ex-PM Nawaz Sharif banned from leading his party https://t.co/DFYafdRA3V,46,@BBCWorld
47,0.0,0.0,1.0,0.0,02-21-2018 10:13:01,FaceTime chat 'saves woman's life' https://t.co/9gnHAYsLJY,47,@BBCWorld
48,0.0,0.0,1.0,0.0,02-21-2018 00:34:23,Face to face with a crocodile while collecting its eggs https://t.co/6ImZUCozBu,48,@BBCWorld
49,-0.2023,0.265,0.735,0.0,02-20-2018 16:16:46,Lawyer charged in Trump-Russia inquiry https://t.co/zl4YqL8u2V,49,@BBCWorld
50,0.0,0.0,1.0,0.0,02-20-2018 12:00:56,The Russian guns for hire dying in Syria https://t.co/UXXWonhlVb,50,@BBCWorld
51,0.0,0.0,1.0,0.0,02-20-2018 04:42:48,Mexico investigates disappearance of three Italians https://t.co/tPU6TO1NqQ,51,@BBCWorld
52,-0.4939,0.39,0.61,0.0,02-19-2018 15:25:12,Deadly rubbish collapse in Mozambique https://t.co/ut8Tp68bqV,52,@BBCWorld
53,-0.6249,0.177,0.823,0.0,02-19-2018 12:38:47,"RT @BBCSport: It was skater Gabriella Papadakis 'worst nightmare at the Olympics' when her dress came undone mid-performance. 

‚õ∏üëâ https://‚Ä¶",53,@BBCWorld
54,-0.6369,0.321,0.679,0.0,02-19-2018 05:36:59,Winter Olympics: Alexander Krushelnitsky named as Russian suspected of failed doping test https://t.co/tWCSJdut5X,54,@BBCWorld
55,0.0,0.0,1.0,0.0,02-18-2018 12:40:49,Giant pandas perform roly-polys in the snow as they go on show for the first time at a Finland zoo. üêºüêº‚ùÑÔ∏è https://t.co/D9t0aTCxWe,55,@BBCWorld
56,0.1027,0.197,0.574,0.23,02-17-2018 16:35:01,Grace Mugabe PhD: Arrest made over corruption allegations https://t.co/f6d8GvGOHj,56,@BBCWorld
57,-0.8402,0.532,0.39,0.078,02-17-2018 08:40:55,Pakistan: Zainab Ansari's killer gets four death sentences https://t.co/11NIeG9BRU,57,@BBCWorld
58,-0.5106,0.32,0.68,0.0,02-16-2018 17:54:48,FBI failed to act on gunman concerns https://t.co/Zu6uQsTtMt,58,@BBCWorld
59,-0.4767,0.279,0.721,0.0,02-16-2018 12:56:59,New York ex-teacher and twin arrested for bomb-making https://t.co/oo2n3TcO7c,59,@BBCWorld
60,0.5574,0.0,0.735,0.265,02-16-2018 05:32:38,Chinese New Year food: How to get rich tossing fish https://t.co/IfD86WOudo,60,@BBCWorld
61,-0.34,0.405,0.595,0.0,02-15-2018 17:07:10,Florida shooting: Trump warns against inaction https://t.co/s7C503TyWn,61,@BBCWorld
62,0.0,0.0,1.0,0.0,02-15-2018 12:27:39,Chinese woman joins handbag in X-ray machine https://t.co/KfzGsgZqBl,62,@BBCWorld
63,-0.4215,0.237,0.763,0.0,02-15-2018 05:13:42,"'Guns and survivalists, but no school until I was 17' https://t.co/nYGLPJuywa",63,@BBCWorld
64,0.0,0.0,1.0,0.0,02-14-2018 23:10:38,Maldives opposition MPs forcibly moved from parliament https://t.co/k2wPGY8vwk,64,@BBCWorld
65,0.0,0.0,1.0,0.0,02-14-2018 17:53:57,Maid left to 'sleep outside with dog' dies https://t.co/RH2owukj29,65,@BBCWorld
66,0.0,0.0,1.0,0.0,02-14-2018 13:27:07,European Union grows at fastest pace for 10 years https://t.co/c0NWvVodc9,66,@BBCWorld
67,0.0,0.0,1.0,0.0,02-14-2018 04:48:06,World chess body accounts closed over president's Syria sanctions https://t.co/QkqnXiTXNV,67,@BBCWorld
68,-0.6249,0.406,0.594,0.0,02-13-2018 17:01:16,Cape Town drought declared a 'national disaster' https://t.co/MnTXt0cPM1,68,@BBCWorld
69,-0.1537,0.167,0.833,0.0,02-13-2018 12:18:22,Being a surrogate in Ukraine is 'not without risk' https://t.co/rE2rKbv9Y6,69,@BBCWorld
70,0.128,0.215,0.47,0.315,02-13-2018 04:58:57,Australia's apology to Stolen Generations: 'It gave me peace' https://t.co/RbqtrCpxmS,70,@BBCWorld
71,-0.4215,0.318,0.682,0.0,02-12-2018 23:32:05,Baltimore police guilty of robbing citizens https://t.co/tAiWA0bo79,71,@BBCWorld
72,0.296,0.0,0.901,0.099,02-12-2018 17:22:00,"""This is the week for decision time"" - Mary Lou McDonald, Leader of Sinn F√©in on talks to restore Northern Ireland'‚Ä¶ https://t.co/SRH2sw2pO3",72,@BBCWorld
73,-0.4215,0.296,0.526,0.178,02-12-2018 10:15:23,Indian woman killed by 'celebratory gunshots' at wedding party https://t.co/7iRakUbls6,73,@BBCWorld
74,-0.5267,0.327,0.673,0.0,02-12-2018 00:42:42,Inside the world of extreme 'terror pranking' https://t.co/CCq7PXnHjU,74,@BBCWorld
75,-0.4939,0.47,0.303,0.227,02-11-2018 07:27:12,Grand Canyon helicopter crash kills three https://t.co/B4TJFhJuHu,75,@BBCWorld
76,0.2023,0.0,0.87,0.13,02-10-2018 14:15:57,"Saudi women should not have to wear long robes, top cleric says https://t.co/NCjqURfanM",76,@BBCWorld
77,-0.644,0.2,0.8,0.0,02-09-2018 23:22:20,"RT @BBCNorthAmerica: President Trump is constantly talking about the US trade deficit. 
But what is it? And should we be worried about it?‚Ä¶",77,@BBCWorld
78,0.0,0.0,1.0,0.0,02-09-2018 15:22:58,"RT @BBCSport: The moment the Olympic rings came together... incredible!
#bbcolympics #openingceremony #WinterOlympics2018 https://t.co/KnRs‚Ä¶",78,@BBCWorld
79,-0.7088,0.214,0.786,0.0,02-09-2018 12:14:07,"RT @BBCSport: From Rio to Pyeongchang... 

The climate may change, but Pita Taufatofua remains the same! 

#bbcolympics #openingceremony #w‚Ä¶",79,@BBCWorld
80,0.0,0.0,1.0,0.0,02-09-2018 04:51:00,Jarrod Bannister: Commonwealth Games javelin gold medallist dies https://t.co/BEwS4kcHkK,80,@BBCWorld
81,0.0516,0.109,0.775,0.116,02-08-2018 21:19:57,"RT @BBCBreaking: US Dow Jones index slumps 1,000 points for second time in a week, amid worries over inflation and interest rates https://t‚Ä¶",81,@BBCWorld
82,-0.743,0.512,0.488,0.0,02-08-2018 17:11:58,French minister Nicolas Hulot denies harassment allegations https://t.co/YvYstxt7S3,82,@BBCWorld
83,0.0,0.157,0.685,0.157,02-08-2018 10:07:03,"Made-up to look beautiful, sent out to die.

The young women sent into crowds to blow themselves up‚Ä¶ https://t.co/3X8IhCakLr",83,@BBCWorld
84,0.0,0.0,1.0,0.0,02-08-2018 01:00:53,North Korea's athletes at the Winter Olympics https://t.co/0E52AoPHv8,84,@BBCWorld
85,0.0,0.0,1.0,0.0,02-07-2018 18:23:17,EU migration chief hits out at ‚Äòsick minds‚Äô over Greece bribery probe https://t.co/oIEnUGTzEy,85,@BBCWorld
86,-0.6249,0.421,0.579,0.0,02-07-2018 11:08:44,Poland Holocaust law: France criticises 'ill advised' text https://t.co/CyR8VnFUsm,86,@BBCWorld
87,0.6597,0.0,0.625,0.375,02-07-2018 06:12:13,The plastic bottle scheme that could help clean the oceans https://t.co/Y1thK516q8,87,@BBCWorld
88,0.0,0.0,1.0,0.0,02-07-2018 01:00:55,100 Women: Does being called Emmeline change your life? https://t.co/mG56QSuPjh,88,@BBCWorld
89,0.0,0.0,1.0,0.0,02-06-2018 19:41:22,Taiwan eyewitness caught in aftershock live on TV https://t.co/JzYfus2oj0,89,@BBCWorld
90,-0.2023,0.184,0.816,0.0,02-06-2018 12:03:05,Poland President Duda 'will sign' controversial Holocaust bill https://t.co/tDQLz5vSCV,90,@BBCWorld
91,0.0,0.0,1.0,0.0,02-06-2018 08:46:30,The extraordinary healing powers of music üé∂ https://t.co/t3lJYsHPOr,91,@BBCWorld
92,0.0,0.0,1.0,0.0,02-06-2018 00:03:59,John Mahoney: British-born Frasier actor dies aged 77 https://t.co/qbbOuDNyv9,92,@BBCWorld
93,-0.0572,0.058,0.942,0.0,02-05-2018 16:17:43,"RT @BBC_HaveYourSay: Doritos to launch 'lady-friendly' crisps because women don't want to crunch loudly in public or lick their fingers, ap‚Ä¶",93,@BBCWorld
94,-0.3875,0.122,0.878,0.0,02-05-2018 12:00:25,"""The reason I've gone through this ordeal is not just to save myself....but it's to set a precedent.""  Alleged comp‚Ä¶ https://t.co/NwpTFvmKXx",94,@BBCWorld
95,-0.6249,0.338,0.662,0.0,02-05-2018 01:49:14,Salah Abdeslam: Paris attacks suspect to go on trial in Belgium https://t.co/ny0QZPuaxD,95,@BBCWorld
96,-0.5106,0.292,0.708,0.0,02-04-2018 13:53:28,US police officer run over by car thieves https://t.co/wPQUrI1Ziv,96,@BBCWorld
97,0.3182,0.135,0.645,0.219,02-03-2018 22:54:52,US House Speaker Paul Ryan deletes $1.50 tax cut gain tweet https://t.co/RgxHuHhTHU,97,@BBCWorld
98,0.0,0.133,0.734,0.133,02-03-2018 10:36:59,"Thousands of hidden Mayan ruins have been uncovered, thanks to technology that some archaeologists describe as ""mag‚Ä¶ https://t.co/93B6SlSHOo",98,@BBCWorld
99,0.0,0.0,1.0,0.0,02-02-2018 23:03:08,Temptations singer Dennis Edwards dies aged 74 https://t.co/KDb7akGkqW,99,@BBCWorld
100,0.0,0.0,1.0,0.0,03-10-2018 08:33:03,Senator Marco Rubio says there are preconditions for Trump summit with Kim Jong Un https://t.co/FEzAzKlJfo https://t.co/cU7AdJHajk,0,@CBSNews
101,0.0,0.0,1.0,0.0,03-10-2018 04:03:03,"""Monster"" 197-pound cougar captured by Washington state biologists https://t.co/2sx6UyVqAr https://t.co/S8ADTFPTAT",1,@CBSNews
102,0.6801,0.0,0.773,0.227,03-09-2018 23:36:56,"""The fundamentals are very strong right now in our economy."" The economy created 313,000 jobs last month, and the u‚Ä¶ https://t.co/jKdxgxwpfH",2,@CBSNews
103,0.505,0.0,0.789,0.211,03-09-2018 19:27:09,"Q: Why did the president accept this invitation without any preconditions? For example, without demanding the North‚Ä¶ https://t.co/WRdRsKowre",3,@CBSNews
104,0.8074,0.0,0.601,0.399,03-09-2018 15:20:35,"These emperor penguins found a camera in Antarctica and snapped a pretty great ""selfie.""üêß üì∑ https://t.co/NbbULUIIJY",4,@CBSNews
105,0.3818,0.0,0.885,0.115,03-09-2018 13:12:44,"RT @CBSThisMorning: Florida Senator @MarcoRubio says the ""fundamental question is whether or not Kim Jong-un will ever accept not having nu‚Ä¶",5,@CBSNews
106,0.4019,0.0,0.886,0.114,03-09-2018 12:00:01,House Intel Committee's plan to build a physical wall to separate the staffs of the two parties has been put on hol‚Ä¶ https://t.co/wVkPQCWOdO,6,@CBSNews
107,-0.5859,0.275,0.725,0.0,03-09-2018 07:48:04,Mark Cuban sexual assault allegations being reviewed by NBA https://t.co/nE7OwSAw8i https://t.co/z6JQNOzazb,7,@CBSNews
108,-0.9349,0.485,0.515,0.0,03-09-2018 03:05:01,Therapist testifies New York City nanny wasn‚Äôt suicidal or murderous days before killings of two children.‚Ä¶ https://t.co/Z7yRsz3Lke,8,@CBSNews
109,0.0,0.0,1.0,0.0,03-08-2018 23:48:44,"@CBSNews¬†.@jillonmoney on new steel &amp; aluminum tariffs: ""If you work for a steel or an aluminum producer, it's prob‚Ä¶ https://t.co/DpijwsH8Kr",9,@CBSNews
110,0.0,0.0,1.0,0.0,03-08-2018 20:11:01,President Trump will sign proclamations that will institute a 25 percent tariff on steel and a 10 percent tariff on‚Ä¶ https://t.co/1x53iEhFv1,10,@CBSNews
111,-0.128,0.174,0.632,0.194,03-08-2018 15:45:31,"""There's a good chance I get murdered tonight,"" one Twitter user wrote after his Alexa let out an unprovoked, eerie‚Ä¶ https://t.co/64rbNb301O",11,@CBSNews
112,-0.743,0.348,0.523,0.129,03-08-2018 13:06:53,"‚ÄúTariffs always hurt us. Ultimately nobody ever wins a trade war. Both sides lose a trade war...We need more trade,‚Ä¶ https://t.co/m2XsX5zM2V",12,@CBSNews
113,0.7783,0.0,0.657,0.343,03-08-2018 12:01:01,Powerball winning numbers announced for $348 million jackpot. And the winning numbers are... https://t.co/mkkhnhcVY6 https://t.co/nHzxWZJAat,13,@CBSNews
114,-0.4215,0.189,0.811,0.0,03-08-2018 07:18:04,"Oprah Winfrey explores revolutionary approach to childhood trauma for ""60 Minutes"" https://t.co/wgyDlQJQoE https://t.co/CPN5nZAkJm",14,@CBSNews
115,-0.4939,0.211,0.789,0.0,03-08-2018 03:00:09,"Unattended bag prompts bomb squad response at Houston airport, police say https://t.co/MnwmXIh15y https://t.co/2yzoC7P5gN",15,@CBSNews
116,-0.3612,0.116,0.884,0.0,03-07-2018 23:10:03,As nor'easter strikes -- potentially dropping more than a foot of snow in some places -- whiteout conditions make d‚Ä¶ https://t.co/dX0mUDvtO8,16,@CBSNews
117,-0.2263,0.091,0.909,0.0,03-07-2018 18:01:16,"California Gov. Jerry Brown responds to federal immigration lawsuit against the state: ""I do think this is pure red‚Ä¶ https://t.co/h89fmElU6i",17,@CBSNews
118,0.4215,0.0,0.774,0.226,03-07-2018 15:34:52,"‚ÄúLet‚Äôs be clear, I think to say ‚Äòarming teachers‚Äô ‚Äî is an oversimplification and a mischaracterization,‚Äù Education‚Ä¶ https://t.co/tRm6UOCvWC",18,@CBSNews
119,-0.296,0.091,0.909,0.0,03-07-2018 13:04:58,Tens of millions of people in the east are dealing with the second big storm in a week. Winter storm warnings are a‚Ä¶ https://t.co/kvc0UxgGfZ,19,@CBSNews
120,0.8126,0.0,0.641,0.359,03-07-2018 12:00:02,"A new GOP effort to dismantle Obama-era financial regulations is gaining traction --
thanks to support from Democra‚Ä¶ https://t.co/8D8nbdMAuB",20,@CBSNews
121,0.0,0.0,1.0,0.0,03-07-2018 07:18:10,"Prosecutor: Mom returned to work after 8-year-old son shot sister, 4 https://t.co/QHqxZP3eMD https://t.co/QGdJQ5Aodv",21,@CBSNews
122,0.0,0.0,1.0,0.0,03-07-2018 03:03:30,"RT @CBSEveningNews: NOW: @CBSEveningNews with @JeffGlor airs in its entirety on CBSN, @CBSNews' 24/7 streaming news service https://t.co/Me‚Ä¶",22,@CBSNews
123,-0.25,0.125,0.875,0.0,03-06-2018 23:37:40,"The president's chief economic adviser, Gary Cohn, resigned. @nancycordes has more on the @CBSEveningNews.‚Ä¶ https://t.co/CtnznV4iy0",23,@CBSNews
124,0.0,0.0,1.0,0.0,03-06-2018 19:26:35,MOMENTS AGO: President Trump speaks on possible talks with North Korea https://t.co/71XSXGktQj https://t.co/f4weComftB,24,@CBSNews
125,0.0,0.0,1.0,0.0,03-06-2018 15:22:57,"""We think the proper approach is a more surgical approach, so we do not have unintended consequences,"" House Speake‚Ä¶ https://t.co/hYue9ryP4T",25,@CBSNews
126,0.3724,0.0,0.892,0.108,03-06-2018 13:26:06,"‚ÄúThe question that we should be asking is not 'What‚Äôs wrong with that child,' it‚Äôs 'What happened to that child?' A‚Ä¶ https://t.co/OYHEN5rEHY",26,@CBSNews
127,-0.296,0.104,0.896,0.0,03-06-2018 12:15:19,West Virginia teachers will surround the state capitol again this morning to put pressure on lawmakers to raise the‚Ä¶ https://t.co/qcsbJqwwFa,27,@CBSNews
128,0.5423,0.0,0.64,0.36,03-06-2018 09:33:05,"Special counsel subpoenas documents regarding Trump, top advisers https://t.co/YzlsOvHNEy https://t.co/VcL7y9S32O",28,@CBSNews
129,-0.5574,0.159,0.841,0.0,03-06-2018 04:55:01,Authorities in northern Illinois say a college professor and his two sons are those who died in an apparent murder-‚Ä¶ https://t.co/80z7YrS7My,29,@CBSNews
130,-0.4939,0.158,0.842,0.0,03-05-2018 23:41:14,A passenger tried to open the door of a plane in flight today. @krisvancleave reports on the mid-air scare. https://t.co/Oxwhx2PuIw,30,@CBSNews
131,0.4215,0.052,0.81,0.138,03-05-2018 19:37:43,"""We believe Gov. Scott's proposals demonstrate good movement toward the goal of preventing future acts of school vi‚Ä¶ https://t.co/R5BA0IYb2N",31,@CBSNews
132,-0.0516,0.091,0.909,0.0,03-05-2018 16:01:01,Harvard professor placed on leave following series of sexual misconduct allegations https://t.co/qYkKP9ajkL https://t.co/ElMl33uftS,32,@CBSNews
133,0.4019,0.0,0.87,0.13,03-05-2018 13:10:52,Special Counsel Robert Mueller reported has what @axios calls a ‚Äúhit list‚Äù of people who communicated with one witn‚Ä¶ https://t.co/9kBN5zMMLj,33,@CBSNews
134,0.0,0.0,1.0,0.0,03-05-2018 11:35:01,"Ahead on @cbsthismorning, @etnow's @KevinFrazier discusses last night's 90th Academy Awards--winners, highlights, a‚Ä¶ https://t.co/EpfmIKZcrs",34,@CBSNews
135,0.4019,0.0,0.748,0.252,03-05-2018 07:10:04,Oscars 2018: Stars voice support for immigrants https://t.co/YYOHfPWPDH https://t.co/muIygygiJE,35,@CBSNews
136,0.8519,0.0,0.684,0.316,03-05-2018 03:42:31,"RT @CBSThisMorning: With this win, James Ivory (#CallMeByYourName) just became the oldest Oscar winner ever at 89.
#Oscars-- @ErikDavis htt‚Ä¶",36,@CBSNews
137,0.8957,0.0,0.546,0.454,03-05-2018 01:25:52,"Sam Rockwell wins best actor in a supporting role for ""Three Billboards outside Ebbing, Missouri. #Oscars‚Ä¶ https://t.co/g5kxxhWKke",37,@CBSNews
138,-0.5267,0.216,0.784,0.0,03-04-2018 20:42:31,North Korea says President Trump's demand that it abandon its nuclear program as a precondition to diplomatic negot‚Ä¶ https://t.co/iXsvrUoT5k,38,@CBSNews
139,0.3818,0.098,0.697,0.205,03-04-2018 14:21:01,"""Nobody does self-deprecating humor better than I do. It's not even close,"" Pres. Trump puts aside feud with the me‚Ä¶ https://t.co/RlQidLI95L",39,@CBSNews
140,0.0,0.0,1.0,0.0,03-04-2018 09:18:07,Carl Icahn unloaded millions in steel-related stock days before Trump tariff https://t.co/sqVKXhzyBp https://t.co/y9Za2EAbCW,40,@CBSNews
141,-0.6369,0.302,0.698,0.0,03-04-2018 05:18:08,Kansas man wrongfully imprisoned for 23 years receives no compensation from state https://t.co/EMImOMwjLw https://t.co/MlRtyWUnUx,41,@CBSNews
142,-0.802,0.481,0.374,0.145,03-04-2018 01:33:05,"Friends defend Joshua Tree couple accused of child cruelty, abuse https://t.co/ZiOBcfgCkF https://t.co/6GtIgdRlmJ",42,@CBSNews
143,0.4215,0.0,0.859,0.141,03-03-2018 20:42:01,"Northeast coast braced for more flooding during high tides Saturday, as powerful nor'easter that inundated roads, s‚Ä¶ https://t.co/HZL0cy7wt1",43,@CBSNews
144,-0.802,0.481,0.374,0.145,03-03-2018 16:00:03,"Friends defend Joshua Tree couple accused of child cruelty, abuse https://t.co/ggSgbhZQ0o https://t.co/R8QaSnXaYi",44,@CBSNews
145,-0.5267,0.355,0.645,0.0,03-03-2018 11:18:08,Disneyland workers struggle with low wages and homelessness https://t.co/IekdzAi5Q2 https://t.co/eYMwH6k8cV,45,@CBSNews
146,-0.6369,0.276,0.724,0.0,03-03-2018 06:33:05,First male athlete sues Larry Nassar over alleged sexual abuse https://t.co/PIOfLR22YO https://t.co/cZCpMA6fWG,46,@CBSNews
147,0.296,0.0,0.885,0.115,03-03-2018 02:10:01,Media-savvy Stoneman Douglas students in broadcast journalism class share what they've sworn off in wake of shootin‚Ä¶ https://t.co/uWWkprtUYi,47,@CBSNews
148,-0.3182,0.112,0.837,0.051,03-02-2018 22:41:32,"Outspoken Florida sheriff on defensive as he takes heat from Republicans, gun rights activists who believe he is fo‚Ä¶ https://t.co/YLM8RUzdy0",48,@CBSNews
149,-0.6369,0.181,0.819,0.0,03-02-2018 15:56:42,"JUST IN: Two people have been fatally shot at Central Michigan University, campus police say; deceased are not stud‚Ä¶ https://t.co/eQYAHchzcQ",49,@CBSNews
150,-0.6486,0.23,0.723,0.047,03-02-2018 13:17:03,"As the assault on Eastern Ghouta continues, the Syrian army, backed by Russian airstrikes aimed at rebel forces, sa‚Ä¶ https://t.co/gkyOvwPql0",50,@CBSNews
151,0.1779,0.104,0.763,0.133,03-02-2018 12:00:02,"A major Nor'easter is starting to slam the East Coast with heavy rain, some heavy snow, strong winds and the prospe‚Ä¶ https://t.co/TsgJJbgK90",51,@CBSNews
152,0.0,0.0,1.0,0.0,03-02-2018 07:48:05,"Did Melania Trump really qualify for her ""Einstein visa""? https://t.co/SwVJpgR8Jn https://t.co/Tqr3MTekeA",52,@CBSNews
153,-0.7184,0.25,0.75,0.0,03-02-2018 03:05:49,"@CBSNews¬†In follow up question, if gun ban should be looked as case-by-case basis depending on state, O'Malley said‚Ä¶ https://t.co/8VII1bXMHO",53,@CBSNews
154,0.0,0.0,1.0,0.0,03-01-2018 22:15:01,Your Facebook news feed won't be splitting up after all. The social network ended a test in six countries that show‚Ä¶ https://t.co/TSF5JuLZFY,54,@CBSNews
155,-0.296,0.121,0.879,0.0,03-01-2018 17:52:14,NEW: President Trump announces that his administration will impose aluminum and steel tariffs beginning next week‚Ä¶ https://t.co/9lTG3DwyDn,55,@CBSNews
156,0.0,0.0,1.0,0.0,03-01-2018 14:30:01,New information emerges on teen who attempted to assassinate Queen Elizabeth II during her 1981 visit to New Zealan‚Ä¶ https://t.co/HWc1Kb0ZF7,56,@CBSNews
157,-0.4939,0.144,0.856,0.0,03-01-2018 13:00:02,A woman jailed in Thailand for offering sex lessons without a work permit says she has a story to tell involving th‚Ä¶ https://t.co/Tm5r6CdkqA,57,@CBSNews
158,0.0,0.0,1.0,0.0,03-01-2018 11:40:01,"Guns and Congress: The proposals lawmakers are talking about
https://t.co/PwW4CzfLjc https://t.co/eCGiBNYz5I",58,@CBSNews
159,0.4939,0.0,0.758,0.242,03-01-2018 07:18:09,Hundreds gather at church for blessing ceremony featuring AR-15s https://t.co/91mW8gFRnk https://t.co/6F7zGHsCZ1,59,@CBSNews
160,-0.6124,0.227,0.773,0.0,03-01-2018 01:50:01,The political battle over sanctuary cities has exploded into a public feud between the head of Immigration and Cust‚Ä¶ https://t.co/IH00hYonIP,60,@CBSNews
161,0.4404,0.0,0.9,0.1,02-28-2018 21:58:54,RT @markknoller: Hope Hicks now joins a long list of senior WH officials in the Trump WH to call it quits or be shown the door. Includes Fl‚Ä¶,61,@CBSNews
162,0.3612,0.0,0.872,0.128,02-28-2018 18:48:02,"Denver mayor publicly apologizes for ""unprofessional"" text messages he sent to a woman who once served as a member‚Ä¶ https://t.co/mvbOJpCnxA",62,@CBSNews
163,0.3818,0.0,0.88,0.12,02-28-2018 16:00:02,U.S. economic growth was revised down slightly to a still-solid 2.5% rate in the final three months of last year.‚Ä¶ https://t.co/BKNyXLJxQp,63,@CBSNews
164,0.0,0.0,1.0,0.0,02-28-2018 13:04:53,Students &amp; teachers from Stoneman Douglas High School are returning to class today for the first time since 17 peop‚Ä¶ https://t.co/JgQLRMrhtd,64,@CBSNews
165,-0.1531,0.121,0.781,0.098,02-28-2018 12:01:01,"ICE announces more than 150 people arrested since the weekend in the greater San Francisco Bay Area, who they say w‚Ä¶ https://t.co/QdnZKrBmJT",65,@CBSNews
166,0.0,0.0,1.0,0.0,02-28-2018 07:18:10,Virginia couple finds WWII-era explosive device inside wall https://t.co/z2b8YqjMHh https://t.co/9iT8Udkspy,66,@CBSNews
167,0.0,0.0,1.0,0.0,02-28-2018 02:00:01,Students will return to class at Marjory Stoneman Douglas High School Wednesday for the first time since the deadly‚Ä¶ https://t.co/g0RtWRbxMq,67,@CBSNews
168,-0.296,0.115,0.885,0.0,02-27-2018 22:50:34,"NEW: Swastikas were found on ammunition magazines used by Florida school shooting suspect Nikolas Cruz, sources con‚Ä¶ https://t.co/9PUZ23fFRF",68,@CBSNews
169,0.0258,0.0,0.932,0.068,02-27-2018 18:00:02,Boeing and President Trump reach $3.9 billion deal on new Air Force One planes https://t.co/wpNFn2NSrL https://t.co/jHv3YpDv8S,69,@CBSNews
170,0.0,0.0,1.0,0.0,02-27-2018 15:00:02,"Judge Roy Moore endorsing Courtland Sykes, Missouri candidate who slammed feminists https://t.co/vW6x9Occon https://t.co/ZS54NhcHQt",70,@CBSNews
171,-0.5423,0.163,0.837,0.0,02-27-2018 12:33:30,A former stylist for Ryan Seacrest is detailing sexual harassment allegations against him for the first time. In an‚Ä¶ https://t.co/2UXV9HfCi9,71,@CBSNews
172,-0.2263,0.147,0.853,0.0,02-27-2018 10:18:10,Pennsylvania school cancels classes over nearby church ceremony featuring AR-15s https://t.co/0w4jY02rAu https://t.co/eg2oNvBvh9,72,@CBSNews
173,-0.7579,0.385,0.615,0.0,02-27-2018 05:33:08,"No bond for suspect in ""vicious, unprovoked"" attack on aspiring doctor in library https://t.co/LA4qwHRwus https://t.co/RDAmXDUf1s",73,@CBSNews
174,0.0,0.0,1.0,0.0,02-26-2018 23:56:26,"David Martin reports on a video captured by National Geographic cameraman that shows Sgt. La David Johnson, one of‚Ä¶ https://t.co/Ec3JdFXGTA",74,@CBSNews
175,-0.34,0.146,0.854,0.0,02-26-2018 20:12:20,WATCH LIVE: @PressSec Sarah Huckabee Sanders holds White House briefing amid gun control debate‚Ä¶ https://t.co/Jz6GWZvdHZ,75,@CBSNews
176,0.1027,0.132,0.714,0.154,02-26-2018 17:09:42,WATCH: President Trump meets with U.S. governors; addresses school safety and gun control measures‚Ä¶ https://t.co/tXfmxDIgxD,76,@CBSNews
177,0.0,0.0,1.0,0.0,02-26-2018 15:04:15,"RT @CBSSports: Introducing CBS Sports HQ, a New 24/7 Direct-to-Consumer Streaming Network for Sports News, Highlights, &amp; Analysis.

Stream‚Ä¶",77,@CBSNews
178,0.2023,0.102,0.763,0.136,02-26-2018 12:33:11,"Here are three things you should know this morning:
1‚É£WH visit with Mexican president derailed
2‚É£Public to honor Re‚Ä¶ https://t.co/k07CJ4lJV7",78,@CBSNews
179,0.0,0.0,1.0,0.0,02-26-2018 09:33:05,Rev. Billy Graham's body makes journey from mountains to Charlotte https://t.co/KhvROLOfIm https://t.co/Fos4rAH8DO,79,@CBSNews
180,-0.743,0.484,0.282,0.235,02-26-2018 05:18:13,GOP congressman optimistic Trump could support assault weapons ban https://t.co/T7TgxNfanQ https://t.co/mR49J3mrXW,80,@CBSNews
181,-0.3818,0.191,0.809,0.0,02-26-2018 01:33:06,One man's fight to raise awareness about HPV in men https://t.co/hRYUf0BLK2 https://t.co/6YEDJcSJZb,81,@CBSNews
182,0.0,0.0,1.0,0.0,02-25-2018 20:30:01,"Michelle Obama's memoir ""Becoming,"" one of the most highly anticipated books in recent years, is coming out Nov. 13‚Ä¶ https://t.co/rJjh2NGYCJ",82,@CBSNews
183,0.1867,0.0,0.907,0.093,02-25-2018 15:28:00,"RT @FaceTheNation: Today on @FaceTheNation with @margbrennan we talk to @RepTedDeutch, @RepBrianMast, and @AsaHutchinson. Don't miss it! ht‚Ä¶",83,@CBSNews
184,-0.34,0.211,0.789,0.0,02-25-2018 10:33:05,Massachusetts transportation bosses under fire for $100K bathroom https://t.co/PBoc18Nvaq https://t.co/ltrFHRSABF,84,@CBSNews
185,-0.8779,0.453,0.547,0.0,02-25-2018 06:03:05,Police charge landscaper with 6th murder in Toronto serial killing case https://t.co/6nlcN5UMl2 https://t.co/hINkoU6fhM,85,@CBSNews
186,-0.6486,0.281,0.719,0.0,02-25-2018 02:03:05,"Nanette Fabray, Tony and Emmy Award-winning actress, dead at 97 https://t.co/Flv2W407Dp https://t.co/f8OiubczAy",86,@CBSNews
187,0.0,0.0,1.0,0.0,02-24-2018 21:31:21,Rep. Adam Schiff‚Äôs statement on releasing Democratic memo: ‚ÄúThe Democratic response memo released today should put‚Ä¶ https://t.co/0Z7j3AzrWq,87,@CBSNews
188,0.0,0.0,1.0,0.0,02-24-2018 17:20:01,"Teachers and faculty returned to Marjory Stoneman Douglas High School on Friday, the first time they were back at t‚Ä¶ https://t.co/9pm9mHe8UC",88,@CBSNews
189,-0.5994,0.17,0.83,0.0,02-24-2018 05:30:01,"To address the rising epidemic of opioid overdose deaths, advocates are taking a page from the war on ""Big Tobacco""‚Ä¶ https://t.co/KrrDtwnefO",89,@CBSNews
190,0.128,0.077,0.769,0.154,02-23-2018 23:42:05,"A growing number of businesses are cutting ties with the NRA:
-MetLife
-Symantec
-car rental companies National, En‚Ä¶ https://t.co/yNuKAoG059",90,@CBSNews
191,-0.25,0.115,0.817,0.067,02-23-2018 19:47:48,"Turnbull on Australia gun laws: ""It is a completely different context historically, legally, and so forth. We are v‚Ä¶ https://t.co/MA2IzCETSd",91,@CBSNews
192,-0.4023,0.109,0.891,0.0,02-23-2018 16:47:40,"""We can't trust the federal process, which is why we have to make these changes here in Florida,"" FL Gov. Rick Scot‚Ä¶ https://t.co/pdxKacOswk",92,@CBSNews
193,0.0,0.0,1.0,0.0,02-23-2018 15:00:03,"Florida school sheriff's deputy was allegedly aware of shooting suspect's behavior:
https://t.co/t9FAx7sopR https://t.co/bv76fRMxco",93,@CBSNews
194,0.0,0.0,1.0,0.0,02-23-2018 13:05:55,"Teachers returned to Marjory Stoneman Douglas High School on Friday morning, more than a week after the deadliest s‚Ä¶ https://t.co/utH2GC0Omm",94,@CBSNews
195,-0.3818,0.271,0.729,0.0,02-23-2018 10:03:06,Facebook's younger users are abandoning ship https://t.co/nH7rAycyk2 https://t.co/pIV6vHNWHC,95,@CBSNews
196,-0.2732,0.16,0.84,0.0,02-23-2018 05:03:05,Could California drought restrictions slash water rights? Some think so https://t.co/kcOZPa66pE https://t.co/6LCkWVHCZF,96,@CBSNews
197,0.1531,0.073,0.78,0.147,02-22-2018 23:36:27,Broward County sheriff said an armed security officer in Parkland had a chance to stop last week's shooting but did‚Ä¶ https://t.co/YHyfk5WY57,97,@CBSNews
198,0.5719,0.0,0.824,0.176,02-22-2018 19:20:28,"""Our view is that most of our policies will create growth on the supply side in the economy. When the supply side g‚Ä¶ https://t.co/aaNe6wKeBl",98,@CBSNews
199,0.0,0.0,1.0,0.0,02-22-2018 16:01:19,"Vice President Mike Pence on White House meeting with mass shooting survivors: ""As the president said, we will neve‚Ä¶ https://t.co/tGHrbbQpzL",99,@CBSNews
200,0.4215,0.0,0.84,0.16,03-10-2018 08:35:53,"RT @CNNTonight: Former Republican congressman David Jolly: ""It is an optimistic moment to see a governor take on the NRA, ... but realistic‚Ä¶",0,@CNN
201,0.7269,0.0,0.705,0.295,03-10-2018 04:50:00,Concerns in Washington are growing amid reports that China is poised to gain control of a major commercial port on‚Ä¶ https://t.co/QikJejHO3n,1,@CNN
202,-0.296,0.121,0.879,0.0,03-10-2018 03:10:32,"Volkswagen says it will stop using coal to power its main factory in Wolfsburg, Germany https://t.co/l6CeSbpDhr https://t.co/ltRCY3UoSb",2,@CNN
203,-0.25,0.1,0.9,0.0,03-10-2018 00:49:48,A North Carolina police officer who resigned after a body camera video showed him hitting and using a Taser on a ma‚Ä¶ https://t.co/bWATDIktOR,3,@CNN
204,0.0,0.0,1.0,0.0,03-09-2018 22:41:04,"US President Trump will travel to Peru next month where he will attend the Summit of the Americas, according to a W‚Ä¶ https://t.co/FHfnzjY1Uc",4,@CNN
205,0.0,0.0,1.0,0.0,03-09-2018 20:44:31,"Of the 313,000 jobs that were added last month, 92,000 were in the construction and manufacturing sectors. Another‚Ä¶ https://t.co/I9JcaysfdY",5,@CNN
206,-0.7964,0.336,0.664,0.0,03-09-2018 19:20:07,"A North Carolina police officer is facing charges after body camera footage shows him beating, choking and tasing a‚Ä¶ https://t.co/s2dA3HoNU6",6,@CNN
207,0.0,0.0,1.0,0.0,03-09-2018 16:13:21,"When a shooting erupted at Marjory Stoneman Douglas High School in Parkland, Florida, the first thing some students‚Ä¶ https://t.co/ItrLEm75xn",7,@CNN
208,0.0,0.0,1.0,0.0,03-09-2018 13:39:07,Barack Obama might appear on-camera as the moderator of a new series on Netflix. Or he might stay off-camera as a p‚Ä¶ https://t.co/AEPZ8tTdH8,8,@CNN
209,0.4019,0.0,0.816,0.184,03-09-2018 11:11:38,"Yes, Stormy Daniels is a real issue | Analysis by CNN's Gregory Krieg https://t.co/JNeSUMMazM https://t.co/QgAxQAGmgT",9,@CNN
210,-0.6131,0.296,0.612,0.092,03-09-2018 07:01:08,"The US is not effectively countering the Russia cyber threat, a top general says https://t.co/chJ4SMLuIA https://t.co/TmIWVg1HIt",10,@CNN
211,0.0,0.0,1.0,0.0,03-09-2018 04:31:05,"Discovery just bought Scripps Networks. Now what? Global expansion, a possible new streaming service, and an eye on‚Ä¶ https://t.co/4r3R8KnGxN",11,@CNN
212,-0.8074,0.289,0.711,0.0,03-09-2018 02:28:04,"Anthony C. Acevedo, an Army medic who documented the horrors inside a Nazi slave camp, has died at age 93‚Ä¶ https://t.co/EOy6EmoBju",12,@CNN
213,0.34,0.0,0.893,0.107,03-09-2018 00:34:15,"President Trump will meet with North Korean leader Kim Jong Un by May, the South Korean national security adviser a‚Ä¶ https://t.co/BOB4kIaOiW",13,@CNN
214,0.7096,0.091,0.594,0.315,03-08-2018 22:33:03,"With America facing a massive nursing shortage, some hospitals are offering five-figure signing bonuses, free housi‚Ä¶ https://t.co/tyTDsUsOOk",14,@CNN
215,0.0,0.0,1.0,0.0,03-08-2018 21:09:04,"President Trump on NAFTA: ‚ÄúWe either make a deal or we terminate. And if we do, there won‚Äôt be any tariffs on Canad‚Ä¶ https://t.co/uzvHjesQ6E",15,@CNN
216,0.5719,0.0,0.748,0.252,03-08-2018 18:32:00,McDonald's is celebrating #InternationalWomensDay by flipping its famous golden arches https://t.co/biYp1ZduyT https://t.co/H8MMkU7HOL,16,@CNN
217,0.6705,0.0,0.756,0.244,03-08-2018 17:24:39,"@theashleygraham @Caitlyn_Jenner ""The one thing I would do to improve gender equality is to ensure that all of our‚Ä¶ https://t.co/H3dJOKwSNc",17,@CNN
218,0.0,0.0,1.0,0.0,03-08-2018 13:15:09,A White House taken by storm(y) | Analysis by @StCollinson https://t.co/LwbPnJtJuX https://t.co/JmvyB9DlGq,18,@CNN
219,0.0,0.0,1.0,0.0,03-08-2018 10:01:35,"On #InternationalWomensDay, CNN wants to know what living #AsEquals means to you. Tell us by filling out this form:‚Ä¶ https://t.co/EbGAjhIJUB",19,@CNN
220,0.0,0.0,1.0,0.0,03-08-2018 06:31:05,"The creator of Pepe the Frog, the once-innocent cartoon that was appropriated as a mascot of the alt-right, is suin‚Ä¶ https://t.co/lE9S9Fhuce",20,@CNN
221,0.0,0.0,1.0,0.0,03-08-2018 03:46:07,Broadcom has a message for US regulators: We'll make 5G technology a priority and invest in America if you let our‚Ä¶ https://t.co/IOdiWZ5Ysy,21,@CNN
222,0.7227,0.0,0.798,0.202,03-08-2018 02:22:26,Texas could make history by sending not just one¬†‚Äî but two ‚Äî Hispanic women to Congress. These candidates won in sa‚Ä¶ https://t.co/GURwBN72SK,22,@CNN
223,0.0,0.0,1.0,0.0,03-08-2018 00:03:04,Gary Cohn is the latest Goldman Sachs alum to ill-serve America | By Jeffrey Sachs via @CNNOpinion‚Ä¶ https://t.co/sCOG7DS0vu,23,@CNN
224,-0.5719,0.32,0.68,0.0,03-07-2018 22:34:06,London risks losing its role as banker to the world https://t.co/r9NyVAliop https://t.co/IwyLoegB4G,24,@CNN
225,0.0,0.0,1.0,0.0,03-07-2018 20:41:20,"""We expect that the President will sign something by the end of the week,"" says White House press secretary Sarah S‚Ä¶ https://t.co/5v0uLbEil5",25,@CNN
226,-0.25,0.114,0.818,0.068,03-07-2018 18:20:41,Chris Cuomo asks Sen. Ted Cruz why he‚Äôs criticizing his Democratic challenger Beto O‚ÄôRourke for going by the childh‚Ä¶ https://t.co/SY0Wjd9AlG,26,@CNN
227,-0.3818,0.194,0.806,0.0,03-07-2018 15:41:14,"A 20-year-old man has filed a lawsuit against Dick's Sporting Goods, accusing the retailer of age discrimination fo‚Ä¶ https://t.co/3G5sWzM1iT",27,@CNN
228,-0.7184,0.333,0.667,0.0,03-07-2018 13:04:04,"In Trump's White House, the conflict is the chaos | Analysis by @zbyronwolf¬†https://t.co/nIOVMxFu6W https://t.co/UhglhCrQSx",28,@CNN
229,-0.796,0.262,0.738,0.0,03-07-2018 09:22:57,"At least 78 people have died in Nigeria with hundreds more infected in an outbreak of Lassa fever, the Nigeria Cent‚Ä¶ https://t.co/itaVcs8lvo",29,@CNN
230,-0.2263,0.091,0.909,0.0,03-07-2018 05:57:08,"Britain's Boris Johnson says the UK would respond ""robustly"" if Russia is found to be behind the suspected poisonin‚Ä¶ https://t.co/AMIiaud1IO",30,@CNN
231,0.34,0.0,0.876,0.124,03-07-2018 03:51:06,Senate Democrats ask EPA Administrator Scott Pruitt for answers over a member of his security detail's business tie‚Ä¶ https://t.co/6ps6xYHdXX,31,@CNN
232,-0.296,0.109,0.891,0.0,03-07-2018 02:51:45,"Rep. Charlie Dent on Gary Cohn's resignation: ""There's been unusually high turnover (in the White House). ... I thi‚Ä¶ https://t.co/9HuQ65bsbU",32,@CNN
233,0.0,0.0,1.0,0.0,03-07-2018 01:31:05,"The Trump administration has quietly said it will consider big game trophy imports on a ""case-by-case"" basis‚Ä¶ https://t.co/hjvWoPTtSI",33,@CNN
234,0.3182,0.0,0.897,0.103,03-07-2018 00:08:04,McDonald's announces that Quarter Pounders in every US store except for ones in Hawaii and Alaska will have fresh b‚Ä¶ https://t.co/5rfcYlY9ZK,34,@CNN
235,0.0,0.0,1.0,0.0,03-06-2018 22:41:05,Facebook robots may one day follow you around at home https://t.co/uWWZFu26gw https://t.co/5K5Assr8py,35,@CNN
236,0.0,0.0,1.0,0.0,03-06-2018 20:37:41,"Barbie unveils dolls based on real-life figures including Amelia Earhart, Frida Kahlo, Katherine Johnson and Chloe‚Ä¶ https://t.co/gMBXbVY75Z",36,@CNN
237,0.0,0.0,1.0,0.0,03-06-2018 17:51:46,"Meet the CryptoKitties, a species of blockchain-based digital cat that you can now buy and trade with cryptocurrenc‚Ä¶ https://t.co/yXRwVH3N3H",37,@CNN
238,-0.25,0.181,0.686,0.132,03-06-2018 14:50:06,"Yes, Mr. President, there is total chaos in your White House | Analysis by @CillizzaCNN https://t.co/OgZSfbwg6m https://t.co/XyeoSMEHH8",38,@CNN
239,-0.0516,0.062,0.938,0.0,03-06-2018 11:52:56,"Now that President Trump is officially running for re-election, federal workers will need to leave their Make Ameri‚Ä¶ https://t.co/xhyGgyZkop",39,@CNN
240,-0.1779,0.082,0.918,0.0,03-06-2018 06:01:04,"""Italy's elections may have ended in a political deadlock ... but the projected results of the vote signal that swe‚Ä¶ https://t.co/zCyp5txaPb",40,@CNN
241,0.0,0.0,1.0,0.0,03-06-2018 02:44:31,"""I can't reconcile anything he said. What he did here today was impugn his own credibility."" Former Trump White Hou‚Ä¶ https://t.co/uSHDBnMJ52",41,@CNN
242,-0.765,0.223,0.777,0.0,03-06-2018 00:54:54,"""I'm not going to be sent to prison. ... Do you think Robert Mueller is going to send me to prison, Erin, for this?‚Ä¶ https://t.co/HmS7C5PhX1",42,@CNN
243,0.0,0.0,1.0,0.0,03-05-2018 22:54:12,The Trump administration continues to review a report from the Department of Veterans Affairs inspector general tha‚Ä¶ https://t.co/T6BTfUfVAd,43,@CNN
244,0.4019,0.0,0.863,0.137,03-05-2018 21:24:07,Former Trump aide Sam Nunberg on the special counsel‚Äôs investigation: ‚ÄúThey know something on [Donald Trump] ‚Ä¶ I do‚Ä¶ https://t.co/POqOwdrauM,44,@CNN
245,-0.296,0.104,0.896,0.0,03-05-2018 18:05:04,President Trump wants to impose a 25% tariff on steel imports and a 10% tariff on aluminum imports. Here's what tha‚Ä¶ https://t.co/jrX4ZshL9z,45,@CNN
246,0.5346,0.146,0.576,0.278,03-05-2018 14:14:12,"As the dust settles on Italy's election, there are clear winners and losers, but no clear outcome after a campaign‚Ä¶ https://t.co/Nl5LQbvxhQ",46,@CNN
247,-0.5574,0.167,0.833,0.0,03-05-2018 11:04:07,"Senators are considering a bill that would, among other things, ban bump stocks, raise the minimum age to purchase‚Ä¶ https://t.co/JjnQxt5Cuo",47,@CNN
248,0.0,0.0,1.0,0.0,03-05-2018 07:34:29,"A high-ranking South Korean delegation headed to North Korea on Monday, where they will raise the possibility of ta‚Ä¶ https://t.co/O5ttCjMsXl",48,@CNN
249,-0.128,0.081,0.919,0.0,03-05-2018 04:48:38,China's parliament session: Xi Jinping to dominate this year's proceedings as delegates are expected to rubber stam‚Ä¶ https://t.co/fWhZ7hqN6c,49,@CNN
250,0.3818,0.0,0.88,0.12,03-05-2018 02:59:34,The Chinese government announces economic growth target of 6.5% -- several notches below the 6.9% rate at which the‚Ä¶ https://t.co/FvZDmwC10t,50,@CNN
251,0.128,0.1,0.776,0.123,03-05-2018 01:36:20,"Polls have closed in Italian parliamentary elections, with the first exit polls showing no party has received more‚Ä¶ https://t.co/LKs9k5C6aZ",51,@CNN
252,0.0,0.0,1.0,0.0,03-04-2018 22:49:30,"""We have some record nominations this year for the black community, but the fact that we are still talking about fi‚Ä¶ https://t.co/d7lO09zxWM",52,@CNN
253,-0.34,0.107,0.893,0.0,03-04-2018 19:07:35,"Looking for a new podcast? All six episodes of CNN's ""Patty Has a Gun: The Life and Crimes of Patricia Hearst"" are‚Ä¶ https://t.co/v7q85TVeXA",53,@CNN
254,0.0,0.0,1.0,0.0,03-04-2018 15:49:42,"A day after the President called Alec Baldwin's impersonation of him ""terrible,"" Baldwin's Trump returned to Saturd‚Ä¶ https://t.co/drwcoDM7iE",54,@CNN
255,0.4019,0.0,0.856,0.144,03-04-2018 09:50:44,Members of Germany's Social Democratic Party have voted to renew a coalition with Chancellor Angela Merkel's Christ‚Ä¶ https://t.co/WQVCWXttFJ,55,@CNN
256,0.5267,0.0,0.855,0.145,03-04-2018 01:22:38,President Trump praises Chinese leader Xi Jinping's power grab. ‚ÄúHe‚Äôs now president for life. He was able to do tha‚Ä¶ https://t.co/WxuKxpre9x,56,@CNN
257,-0.3182,0.133,0.867,0.0,03-03-2018 20:00:19,"Senate Minority Leader Chuck Schumer defends voting against white judicial nominee, citing ""lack of diversity""‚Ä¶ https://t.co/PKQ1Et7Y2f",57,@CNN
258,0.0,0.0,1.0,0.0,03-03-2018 15:32:13,President Trump has spent 100 days in office at one of his golf clubs https://t.co/OzeOSZk0tp https://t.co/JYbgygjCNE,58,@CNN
259,-0.25,0.216,0.568,0.216,03-03-2018 05:30:05,"""Westworld"" star shares her story of sexual assault in emotional testimony https://t.co/OVIefToatn https://t.co/ydBdikZZP4",59,@CNN
260,0.0,0.0,1.0,0.0,03-02-2018 23:31:17,"Chief of staff John Kelly says the White House's handling of classified material ""wasn't up to the standards"" he wa‚Ä¶ https://t.co/20EULjKms3",60,@CNN
261,-0.5106,0.163,0.837,0.0,03-02-2018 19:34:25,"Wilbur Ross thinks the outcry about steel and aluminum tariffs are ""a lot to do about nothing."" https://t.co/Rc8wSfMkGW",61,@CNN
262,0.0,0.0,1.0,0.0,03-02-2018 15:47:01,"‚ñ† More than 2,000 flights are canceled
‚ñ† 80 million people¬†are in the storm's path
‚ñ† The cold front stretches 2,500‚Ä¶ https://t.co/NWyAsOGXQ2",62,@CNN
263,0.8402,0.0,0.714,0.286,03-02-2018 12:21:04,"Today‚Äôs a day to celebrate

The work of someone gone but great.

Come on now, don‚Äôt be obtuse,

Let‚Äôs all give than‚Ä¶ https://t.co/tewvW0ePBP",63,@CNN
264,0.6597,0.0,0.779,0.221,03-02-2018 09:00:50,Actress Jennifer Lawrence says she's going to spend a year away from movie sets to help get young people engaged wi‚Ä¶ https://t.co/vzLTMF03J3,64,@CNN
265,-0.2732,0.14,0.773,0.087,03-02-2018 04:53:38,The Treasury Department moved to block a university from releasing footage of hecklers during an interview with Sec‚Ä¶ https://t.co/JQ5G7hyJt2,65,@CNN
266,0.4215,0.0,0.859,0.141,03-02-2018 00:32:48,"In 2013, Antoinette Tuff saved an elementary school from a gunman. Here's what she thinks about arming teachers.‚Ä¶ https://t.co/CMhFIpmGnf",66,@CNN
267,0.1779,0.0,0.909,0.091,03-01-2018 20:25:03,"Planned Parenthood is spending $20M, targeting eight states with competitive Senate and governor's races in its lar‚Ä¶ https://t.co/m5ayvSxgPx",67,@CNN
268,0.1779,0.0,0.909,0.091,03-01-2018 17:18:03,"Russia is developing new missiles with almost unlimited range that can pierce US defenses, Russian President Vladim‚Ä¶ https://t.co/P23fjgJp6X",68,@CNN
269,0.0,0.0,1.0,0.0,03-01-2018 13:55:59,The 43 most eye-popping lines from President Trump's 'surreal' gathering on guns | Analysis by @CillizzaCNN‚Ä¶ https://t.co/E9eg2dd1FY,69,@CNN
270,0.4404,0.0,0.775,0.225,03-01-2018 11:05:06,Questions remain over Trump Organization's donation of foreign profits https://t.co/QwOlk9y3dW https://t.co/gOF8AQba2q,70,@CNN
271,0.0,0.0,1.0,0.0,03-01-2018 07:45:57,"""Take the guns first. Go through due process second,"" President Trump says at a meeting with bipartisan lawmakers.‚Ä¶ https://t.co/zpYLcZ0rmO",71,@CNN
272,0.0,0.0,1.0,0.0,03-01-2018 05:02:16,"RT @CNNTonight: Democrat Rep. Elizabeth Esty: ""People elected (Trump) to be a disruptor and if he will actually stand up to the NRA and get‚Ä¶",72,@CNN
273,0.2023,0.0,0.859,0.141,03-01-2018 01:15:09,How a top actor went from action movies to baking cookies https://t.co/Oh9mQAMqXg https://t.co/z6ObkW0f6o,73,@CNN
274,0.0,0.0,1.0,0.0,02-28-2018 22:38:03,The White House chief calligrapher has a higher clearance than Jared Kushner https://t.co/q6nx6riV4R https://t.co/583M2Bg68Q,74,@CNN
275,0.4939,0.0,0.741,0.259,02-28-2018 20:25:17,What Jared Kushner's security clearance downgrade ‚Äî from top secret to secret ‚Äî actually means‚Ä¶ https://t.co/dLdTjGzbDe,75,@CNN
276,0.5574,0.073,0.68,0.248,02-28-2018 17:50:05,Faculty members at Lehigh University have voted overwhelmingly in favor of rescinding President Trump's honorary de‚Ä¶ https://t.co/51dGWL08qx,76,@CNN
277,0.3252,0.0,0.891,0.109,02-28-2018 15:11:56,JUST IN: Former Trump campaign chairman Paul Manafort pleaded not guilty at an arraignment in federal court to new‚Ä¶ https://t.co/prQdCAKVQG,77,@CNN
278,-0.296,0.128,0.872,0.0,02-28-2018 12:33:08,"BREAKING: Dick's Sporting Goods, the nation's largest sporting goods retailer, will stop selling assault-style weap‚Ä¶ https://t.co/LyP6wV1Bkg",78,@CNN
279,0.296,0.097,0.756,0.147,02-28-2018 09:27:29,The US' efforts to broker an elusive peace to end the decades-old Israeli-Palestinian conflict are now being led by‚Ä¶ https://t.co/T6lPjell0v,79,@CNN
280,0.1531,0.116,0.737,0.147,02-28-2018 06:15:13,"North Korea has been sending chemical weapon supplies to Syria, United Nations report says https://t.co/2Sbo4HMko9 https://t.co/agW1sEG8Np",80,@CNN
281,0.4767,0.0,0.709,0.291,02-28-2018 03:00:05,Amazon buys Ring to get into the home security business https://t.co/jYXycxBzDe https://t.co/8TNk1FureM,81,@CNN
282,-0.6808,0.412,0.588,0.0,02-28-2018 00:07:08,Los Angeles' notorious traffic problem explained in graphics https://t.co/XlT0jdBISm https://t.co/EWJ5vLCFuu,82,@CNN
283,0.0,0.0,1.0,0.0,02-27-2018 21:51:07,SeaWorld CEO steps down as attendance slides https://t.co/Z84Qx0FhL1 https://t.co/aNV4duneJa,83,@CNN
284,0.5574,0.0,0.796,0.204,02-27-2018 19:27:16,"Sanders says President Trump ""still supports raising the age limit to 21 for the purchase of certain firearms"" and‚Ä¶ https://t.co/42xwKNrTtE",84,@CNN
285,-0.128,0.091,0.909,0.0,02-27-2018 16:31:23,Teachers in West Virginia are still feeding their students during an expected two-day strike https://t.co/fUBnt8KTuw https://t.co/SOKoXetu7E,85,@CNN
286,-0.8126,0.316,0.684,0.0,02-27-2018 13:43:38,"A Florida GOP congressman who recently called for a ban on future purchases of ""assault and tactical firearms"" says‚Ä¶ https://t.co/heqR6381GU",86,@CNN
287,-0.3818,0.221,0.659,0.12,02-27-2018 10:59:06,US military and intelligence officials believe that the ISIS fighters that ambushed and killed four US troops in Ni‚Ä¶ https://t.co/Jpkxoigg9w,87,@CNN
288,0.0,0.0,1.0,0.0,02-27-2018 07:20:57,Russia vetoed a UN draft resolution on Monday that would have linked Iran with the transfer of Iranian-made arms to‚Ä¶ https://t.co/qRDc7S5W5K,88,@CNN
289,0.0,0.0,1.0,0.0,02-27-2018 05:29:04,The banana phone is back! Take a look at the new Nokia 8110 https://t.co/gslyr9monp https://t.co/mgUeMKQLUU,89,@CNN
290,0.0,0.0,1.0,0.0,02-27-2018 02:58:51,Sources say Ivanka Trump‚Äôs balance between presidential daughter and staffer irks White House chief of staff John K‚Ä¶ https://t.co/gJ2Pzz9rJk,90,@CNN
291,0.0,0.0,1.0,0.0,02-27-2018 01:10:05,Pennsylvania Democrat running in tight House race distances himself from Nancy Pelosi in new ad‚Ä¶ https://t.co/fZggV5xmJC,91,@CNN
292,-0.6369,0.198,0.802,0.0,02-26-2018 22:21:06,The Trump administration is investigating how Michigan State University handled the sexual abuse cases of sports do‚Ä¶ https://t.co/5kqrCtr7Ps,92,@CNN
293,0.0,0.0,1.0,0.0,02-26-2018 19:12:05,"Washington Gov. Jay Inslee tells President Trump that ""we need a little less tweeting here and a little more listen‚Ä¶ https://t.co/D8cdV6shxI",93,@CNN
294,-0.34,0.211,0.789,0.0,02-26-2018 15:50:09,Why gun background checks don't work | via @CNNopinion https://t.co/6wE5RckEEm https://t.co/JoywAhwzyq,94,@CNN
295,-0.4404,0.112,0.888,0.0,02-26-2018 13:20:12,"Monica Lewinsky on Clinton affair: ""I now see how problematic it was that the two of us even got to a place where t‚Ä¶ https://t.co/SW9f0SoEiF",95,@CNN
296,-0.9081,0.453,0.547,0.0,02-26-2018 11:18:06,16 Turkish women were found guilty of terrorism and sentenced to death by an Iraqi court on Sunday https://t.co/0tYWK7cdZm,96,@CNN
297,0.0,0.0,1.0,0.0,02-26-2018 08:00:24,"Glenn Beck says America needs a ""reconciliation"" https://t.co/mtHqybdGON https://t.co/2qqE6JgUBz",97,@CNN
298,0.3612,0.109,0.664,0.227,02-26-2018 05:09:39,"Despite the city state's reputation for technocratic efficiency, for some it's a huge struggle to get paid.‚Ä¶ https://t.co/EqmyUS8K23",98,@CNN
299,-0.3818,0.133,0.867,0.0,02-25-2018 23:15:07,Mexican President Enrique Pe√±a Nieto calls off visit to White House after confrontational call with President Trump‚Ä¶ https://t.co/Cf9vMV3Eya,99,@CNN
300,-0.6124,0.429,0.571,0.0,03-10-2018 08:45:00,"Cutting @NASA science missions 'Can set a dangerous precedent,' Congressman warns https://t.co/ZQTogPkcLZ",0,@FoxNews
301,-0.34,0.112,0.888,0.0,03-10-2018 03:59:23,"AG Jeff Sessions on Oakland mayor warning of ICE raids: ""This is a radical ideology. It's contrary to the American‚Ä¶ https://t.co/YON0ktYsWh",1,@FoxNews
302,0.1027,0.0,0.877,0.123,03-10-2018 01:51:04,".@realDonaldTrump says Australia could be exempt from steel, aluminum tariffs https://t.co/U7FquCmhqv",2,@FoxNews
303,0.0,0.0,1.0,0.0,03-09-2018 23:31:47,.@CallyGingrich: Ending human trafficking must be a global priority for us all https://t.co/dZ564HQOuD,3,@FoxNews
304,0.0,0.0,1.0,0.0,03-09-2018 21:23:19,White House says meeting with Kim Jong Un will not happen without 'concrete' actions by North Korea - via‚Ä¶ https://t.co/Pz0cu7bdLW,4,@FoxNews
305,0.4215,0.0,0.887,0.113,03-09-2018 19:32:15,".@PressSec on @POTUS plans to meet with Kim Jong Un: ""For the first time in a long time, the United States is actua‚Ä¶ https://t.co/ekVf4J3GkU",5,@FoxNews
306,0.0,0.0,1.0,0.0,03-09-2018 17:42:13,ESPN‚Äôs Michael Smith joins anti-Trump former co-host Jemele Hill on ‚ÄòSportsCenter‚Äô sideline https://t.co/nqRnGriQW7,6,@FoxNews
307,0.0,0.0,1.0,0.0,03-09-2018 15:27:27,".@Nigel_Farage: ""Anybody that is seen as Russia as a traitor, anybody that has crossed Vladimir Putin, comes to a v‚Ä¶ https://t.co/dDEAcKMaVB",7,@FoxNews
308,-0.4404,0.367,0.633,0.0,03-09-2018 13:34:06,BREAKING NEWS: 4.1% unemployment - February. https://t.co/qoB34O3TUU,8,@FoxNews
309,0.0,0.0,1.0,0.0,03-09-2018 11:40:00,".@HomeDepot pledges $50 million to train 20,000 skilled laborers, military veterans wanted https://t.co/c5isn2Gone https://t.co/sx0Jgw6F1O",9,@FoxNews
310,-0.5267,0.185,0.815,0.0,03-09-2018 09:04:23,Stormy weather: Can lawyer's attempt to silence porn star hurt the president? https://t.co/xsJ8n0YkIt via @HowardKurtz @MediaBuzzFNC,10,@FoxNews
311,-0.4767,0.193,0.807,0.0,03-09-2018 05:45:00,"Two SWAT members suspended after responding to Florida shooting 'without notification', officials say https://t.co/Jj3hdyqGaO",11,@FoxNews
312,0.0,0.0,1.0,0.0,03-09-2018 02:40:00,"Nikolas Cruz's mom, tormented by his behavior, weighed signing over parental rights: family source https://t.co/NvBuhWrPzO",12,@FoxNews
313,0.0,0.0,1.0,0.0,03-09-2018 00:46:13,"RT @FoxNewsResearch: Since taking power in 2011, Kim Jong Un has never traveled abroad, and has never met with a foreign head of state. htt‚Ä¶",13,@FoxNews
314,0.0,0.0,1.0,0.0,03-08-2018 23:02:44,Former Obama aide Kal Penn wants Schumer 'out of office' after pro-Israel speech https://t.co/nkoYgI4gAo,14,@FoxNews
315,0.0,0.0,1.0,0.0,03-08-2018 21:17:00,The @Volkswagen Beetle will soon be squashed https://t.co/FSh8BCb7XN,15,@FoxNews
316,-0.6249,0.194,0.806,0.0,03-08-2018 20:33:33,".@DLoesch on @GovMalloyOffice likening @NRA to terrorists: ""Maybe making my kids get all their homework done makes‚Ä¶ https://t.co/K1DC5eMqBt",16,@FoxNews
317,0.0,0.0,1.0,0.0,03-08-2018 19:19:58,"Moments ago, California Sen. @KamalaHarris slammed President @realDonaldTrump and AG Jeff Sessions over immigration‚Ä¶ https://t.co/hw6OSsqfg5",17,@FoxNews
318,0.0,0.0,1.0,0.0,03-08-2018 17:45:00,MOMENTS AGO: Former @POTUS campaign chair @PaulManafort appears at U.S. district court for an arraignment hearing. https://t.co/j9y9vUBIr4,18,@FoxNews
319,-0.7184,0.4,0.6,0.0,03-08-2018 16:33:33,"53-year-old man allegedly stabs deputy, hurts another in California https://t.co/YJlcB4Z4w3 #FoxNewsUS",19,@FoxNews
320,0.6705,0.0,0.593,0.407,03-08-2018 14:39:45,Trump hints at steel tariff flexibility for 'real friends' https://t.co/HzI8AVDanQ,20,@FoxNews
321,0.0,0.0,1.0,0.0,03-08-2018 13:04:51,RT @FoxBusiness: U.S. futures: https://t.co/lJ7xdjhO0U,21,@FoxNews
322,-0.6597,0.244,0.65,0.106,03-08-2018 11:32:00,Sgt. Sean Larkin: ‚ÄúThis is an alarming number for number of officers killed by gunfire so far this year.‚Äù‚Ä¶ https://t.co/SKNvtXYgAc,22,@FoxNews
323,-0.5423,0.212,0.788,0.0,03-08-2018 09:41:58,"US drone kills 21 militants, including son of Pakistani Taliban leader, report says https://t.co/XWYc5JtLXB",23,@FoxNews
324,0.6124,0.0,0.667,0.333,03-08-2018 08:15:00,NFL prospect says team official asked him if he likes men https://t.co/Y8uCEQX0ev,24,@FoxNews
325,-0.7964,0.336,0.664,0.0,03-08-2018 06:55:00,"Cecil the lion 'suffered incredible cruelty' for up to 12 hours before dying, researcher claims https://t.co/8zXywAg2eH",25,@FoxNews
326,-0.7351,0.36,0.64,0.0,03-08-2018 05:15:00,"Alabama man charged after killing 1, wounding 3 in restaurant shooting, authorities say https://t.co/sOPURrxWWr",26,@FoxNews
327,0.2732,0.0,0.811,0.189,03-08-2018 03:23:11,"Nor'easter brings heavy snow, creates travel headaches across Northeast https://t.co/evMWxuKWHn",27,@FoxNews
328,-0.3818,0.148,0.852,0.0,03-08-2018 01:02:50,"Bill to arm some Florida teachers, restrict rifle sales passes state house, goes to governor https://t.co/HYTBBKx6oe",28,@FoxNews
329,-0.5423,0.259,0.741,0.0,03-07-2018 22:57:23,Astronaut @StationCDRKelly: How I went from bad student to space star https://t.co/an4h4oguWq,29,@FoxNews
330,-0.3818,0.224,0.776,0.0,03-07-2018 21:25:14,"Pennsylvania, New Jersey battle second nor'easter in one week https://t.co/GB7Wx1NBNx",30,@FoxNews
331,-0.6908,0.37,0.63,0.0,03-07-2018 19:27:52,Connecticut Governor: The NRA Has Become 'Terrorist Organization' https://t.co/YKeBWSBmdr,31,@FoxNews
332,-0.4404,0.295,0.48,0.225,03-07-2018 17:50:43,"Ingraham Hits Back at Bush Over Trump Jab: Endless War, Financial Crisis Was Not 'Pretty Good' https://t.co/sseZLyAxxb",32,@FoxNews
333,0.0,0.0,1.0,0.0,03-07-2018 16:25:29,".@RepMattGaetz: ""In 2015, there was a federal court filing where Russian officials were calling Carter Page an idio‚Ä¶ https://t.co/vCLWurwE9C",33,@FoxNews
334,-0.34,0.194,0.806,0.0,03-07-2018 14:22:32,"20-year-old sues Dick's, Walmart over new gun policies (via @FoxBusiness) https://t.co/7yrhzGXh6U",34,@FoxNews
335,-0.4805,0.273,0.727,0.0,03-07-2018 12:17:21,Wild otter attacks 77-year-old Florida kayaker: 'It didn't want to come off' https://t.co/gHGFSq80gA,35,@FoxNews
336,-0.5106,0.216,0.784,0.0,03-07-2018 10:16:51,NBA owner Mark Cuban was investigated for sexually assaulting woman in 2011 https://t.co/u8lsjeKhO4,36,@FoxNews
337,-0.4939,0.132,0.868,0.0,03-07-2018 08:45:00,A scary sight in North Dakota as a garbage truck can be seen sliding out of control at Bismarck State College on Mo‚Ä¶ https://t.co/rsboya3Tui,37,@FoxNews
338,-0.8176,0.415,0.585,0.0,03-07-2018 07:10:00,Nashville mayor who had affair with bodyguard resigns after pleading guilty to criminal theft https://t.co/bmaHQflDqC,38,@FoxNews
339,0.4767,0.0,0.853,0.147,03-07-2018 05:35:00,TRY TO 'SHEEP' UP: A paramedic responding to a house call in England made some fluffy friends while trekking throug‚Ä¶ https://t.co/Q3HwBc2fbe,39,@FoxNews
340,0.0,0.0,1.0,0.0,03-07-2018 02:51:33,What to know about the incoming nor'easter https://t.co/GM7OTy4JCd,40,@FoxNews
341,-0.34,0.167,0.833,0.0,03-06-2018 23:07:48,"Gary Cohn, White House chief economic adviser, to resign - via @brookefoxnews  @johnrobertsFox 
https://t.co/oI0r9YL1xC",41,@FoxNews
342,0.8271,0.0,0.617,0.383,03-06-2018 20:46:18,".@POTUS: ""A strong and balanced economic relationship strengthens security and prosperity in both of our countries‚Ä¶ https://t.co/1w1mi9LwEy",42,@FoxNews
343,-0.1779,0.199,0.643,0.158,03-06-2018 17:30:33,U.S. Office of Special Counsel says Kellyanne Conway violated Hatch Act https://t.co/pX3hnSO2KB https://t.co/8xKQcIDrV4,43,@FoxNews
344,0.6369,0.0,0.714,0.286,03-06-2018 15:22:41,.@SpeakerRyan: ‚ÄúWhat we‚Äôre trying to do is make sure we have good economic policy.‚Äù https://t.co/22tRtTelv6,44,@FoxNews
345,0.6131,0.0,0.8,0.2,03-06-2018 11:55:57,"JUST IN: North Korea promises to not use nuclear weapons against South Korea, willing to hold talks with US on denu‚Ä¶ https://t.co/nEGt804lPO",45,@FoxNews
346,0.0,0.0,1.0,0.0,03-06-2018 10:25:45,".@davidburstein: ""Tariff's are not the way to do it... this will only incentivize, as everybody's pointing out, qui‚Ä¶ https://t.co/B5oJZ3rZbl",46,@FoxNews
347,-0.2263,0.128,0.872,0.0,03-06-2018 08:55:00,"Tennessee woman's lawsuit claims trooper groped her, pulled her over twice in hours https://t.co/Thz90ouR4L",47,@FoxNews
348,-0.4588,0.222,0.778,0.0,03-06-2018 07:25:00,"Union coffee boys pulled in over $42 an hour working Hudson Yards project, lawsuit charges https://t.co/C2L3C52Ff4",48,@FoxNews
349,-0.2732,0.13,0.87,0.0,03-06-2018 05:45:00,NJ Transit suspends conductor who allegedly warned passengers ICE agents were 'looking for illegals' https://t.co/pYpYnw4ymx,49,@FoxNews
350,-0.2732,0.161,0.745,0.093,03-06-2018 03:03:02,.@MarkSteynOnline Battles Immigration Advocate on 'Sanctuary' Policies: 'As a Legal Immigrant I'm a Bit Concerned' https://t.co/CpJwy3qaZE,50,@FoxNews
351,0.0,0.0,1.0,0.0,03-06-2018 00:13:32,".@FBI agent Peter Strzok was told of possible breach into @HillaryClinton's server but didn't follow up, sources say https://t.co/UwCZJD7hkE",51,@FoxNews
352,0.0,0.0,1.0,0.0,03-05-2018 21:04:19,Stephen Hawking says he knows what happened before the dawn of time https://t.co/EEq2LdcCYD,52,@FoxNews
353,0.8225,0.0,0.703,0.297,03-05-2018 17:49:31,.@POTUS: ‚ÄúIf we could do peace between Israel and the Palestinians that would be a great thing for the world.‚Äù https://t.co/gQOOsqzH6p,53,@FoxNews
354,0.128,0.0,0.889,0.111,03-05-2018 15:39:22,"Trump's DACA deadline passes under legal cloud, with urgency dwindling in Congress https://t.co/lptA1Jyseo",54,@FoxNews
355,-0.5994,0.17,0.83,0.0,03-05-2018 12:13:18,"For the first time since the Vietnam War, a U.S. Navy aircraft carrier is paying a visit to a Vietnamese port. The‚Ä¶ https://t.co/myZxahCq0l",55,@FoxNews
356,0.0772,0.0,0.936,0.064,03-05-2018 09:42:00,".@TGowdySC: ""I want to know everything that happened in 2016, and whether Andy McCabe was leaking for or against‚Ä¶ https://t.co/qXuaQ6wEt9",56,@FoxNews
357,0.4019,0.0,0.856,0.144,03-05-2018 08:05:00,".@RepMattGaetz: ""It‚Äôs absolutely time for Jeff Sessions to either appoint a second special counsel‚Ä¶ or have someone‚Ä¶ https://t.co/p0boaM2w4d",57,@FoxNews
358,0.4215,0.145,0.542,0.313,03-05-2018 06:30:00,"#Trump, Netanyahu to meet amid growing uncertainty on Mideast peace deal https://t.co/XnRBzY8fao",58,@FoxNews
359,0.8979,0.0,0.579,0.421,03-05-2018 04:53:51,"JUST IN: ""The Shape of Water"" won Best Picture at the 90th Academy Awards Sunday night. #Oscars‚Ä¶ https://t.co/AUAB2EPvj1",59,@FoxNews
360,-0.3612,0.176,0.711,0.113,03-05-2018 03:37:39,".@DevinNunes on FISA abuse: ""The [FISA] court was never told that the Democratic Party and the @HillaryClinton camp‚Ä¶ https://t.co/nvPRGMcKWH",60,@FoxNews
361,-0.7351,0.256,0.744,0.0,03-05-2018 02:11:23,".@SteveHiltonx: ""The American people got sick and tired of all that corruption. It is a big part of the reason‚Ä¶ https://t.co/zjCVygo7BR",61,@FoxNews
362,0.0,0.0,1.0,0.0,03-05-2018 00:30:01,Everything to know about the #Oscars https://t.co/URO1hTlsso,62,@FoxNews
363,-0.5267,0.239,0.761,0.0,03-04-2018 22:40:34,".@TomFitton: ""The dossier is the reason for the Mueller investigation. No dossier, no Mueller investigation."" https://t.co/Tib2O9hrhv",63,@FoxNews
364,0.0,0.0,1.0,0.0,03-04-2018 21:05:00,".@SecretaryRoss: ""We're talking about a total of $9 billion of tariffs. That's about one half of one percent of the‚Ä¶ https://t.co/TTWNutTxYI",64,@FoxNews
365,-0.347,0.189,0.687,0.124,03-04-2018 19:25:00,"TONIGHT: A special 2-hour SCANDALOUS - First, Episode 6: 'Impeachment,' then the all-new finale: 'The Show That Nev‚Ä¶ https://t.co/9uwUvzBp7M",65,@FoxNews
366,-0.6705,0.243,0.757,0.0,03-04-2018 16:55:00,Texas man killed after 'device' explodes on front porch of Austin home (via @travfed)  https://t.co/FeQBUfu4Pw,66,@FoxNews
367,0.3612,0.0,0.884,0.116,03-04-2018 15:26:08,".@TGowdySC: ""This Democrat memo makes me smile. If it were up to @AdamSchiffCA... it would've been a haiku and not‚Ä¶ https://t.co/AhM2u47KAr",67,@FoxNews
368,-0.347,0.189,0.687,0.124,03-04-2018 13:23:00,"TONIGHT: A special 2-hour SCANDALOUS - First, Episode 6: 'Impeachment,' then the all-new finale: 'The Show That Nev‚Ä¶ https://t.co/JtfQrz6lUc",68,@FoxNews
369,0.0,0.0,1.0,0.0,03-04-2018 09:46:00,"A large wave crashed into a seawall in Winthrop, Massachusetts, a day after a fierce nor'easter pounded the Atlanti‚Ä¶ https://t.co/u7dgWbiXe6",69,@FoxNews
370,0.3818,0.0,0.843,0.157,03-04-2018 08:10:00,"""All the promises that [@realDonaldTrump has] made, he kept.""

On #StreetJustice, @JudgeJeanine visits #CPAC2018. https://t.co/hGAa0V6IWI",70,@FoxNews
371,-0.6369,0.224,0.776,0.0,03-04-2018 06:35:00,"Alex Little on Oakland Mayor warning of ICE raids: ""The question of whether she broke a specific law [is] probably‚Ä¶ https://t.co/ReGEjxXRxi",71,@FoxNews
372,0.8115,0.0,0.682,0.318,03-04-2018 05:01:00,"Mark Glyptis: ‚ÄúThe president, on his campaign, promised to have fair trade and so he‚Äôs honoring one of his commitme‚Ä¶ https://t.co/YhzJWkrk3o",72,@FoxNews
373,0.0,0.0,1.0,0.0,03-04-2018 03:11:15,"MH370 disappearance 4 years on, Malaysia to end search in June https://t.co/A7UhN86I7y",73,@FoxNews
374,-0.347,0.189,0.687,0.124,03-04-2018 01:22:00,"TOMORROW: A special 2-hour SCANDALOUS - First, Episode 6: 'Impeachment,' then the all-new finale: 'The Show That Ne‚Ä¶ https://t.co/i74CFNAiwD",74,@FoxNews
375,0.0,0.0,1.0,0.0,03-03-2018 23:09:16,"Italian election could see right-wing, populists rise to power https://t.co/uwwGINF3hs",75,@FoxNews
376,0.0,0.0,1.0,0.0,03-03-2018 21:39:00,"Jose Aristimuno on John Kelly: ""There's a trend at the White House right now that is happening that people are resi‚Ä¶ https://t.co/O104ZnhFZV",76,@FoxNews
377,0.0,0.0,1.0,0.0,03-03-2018 20:18:41,"RT @FoxBusiness: On '@LouDobbs Tonight': @Jim_Jordan ""We had Congressman Schiff's memo come out and I think all it did was reinforce and bu‚Ä¶",77,@FoxNews
378,0.0,0.0,1.0,0.0,03-03-2018 18:51:05,"TONIGHT on ""Justice,"" @JudgeJeanine talks to @RepLeeZeldin - Tune in at 9p ET on Fox News Channel! https://t.co/TBlffiNDu7",78,@FoxNews
379,0.0,0.0,1.0,0.0,03-03-2018 16:51:32,".@dagenmcdowell: ""@Walmart and @DICKS did this, made this announcement, for PR purposes, for public relations purpo‚Ä¶ https://t.co/DlgDY2GjFR",79,@FoxNews
380,-0.875,0.562,0.438,0.0,03-03-2018 14:50:39,Snowboarder killed in California; skiers killed in France https://t.co/oeBZoRQuRQ,80,@FoxNews
381,0.0,0.0,1.0,0.0,03-03-2018 11:16:56,PBS to launch conservative talk show April 13 https://t.co/ixEdiOfX0s,81,@FoxNews
382,-0.6124,0.333,0.667,0.0,03-03-2018 06:27:02,"Michigan student suspected of slaying parents has been arrested, authorities say https://t.co/Ggd37Dd1zL",82,@FoxNews
383,-0.128,0.158,0.842,0.0,03-03-2018 03:09:37,Companies cutting ties with the NRA. @IngrahamAngle https://t.co/rotJnKFMFk https://t.co/sT2pZdidO5,83,@FoxNews
384,0.0,0.0,1.0,0.0,03-03-2018 00:17:01,"Elton John storms off stage, sounds off on fans https://t.co/tWm34gpap8",84,@FoxNews
385,-0.6705,0.333,0.667,0.0,03-02-2018 22:13:14,Officers killed in the line of duty in 2018 https://t.co/RvlddGFDZ1,85,@FoxNews
386,0.3612,0.0,0.848,0.152,03-02-2018 19:43:20,'Markets Do Not Like This': Sandra Smith Grills WH Trade Official on Steel Tariffs https://t.co/C9U9hFdMrb,86,@FoxNews
387,0.34,0.0,0.882,0.118,03-02-2018 18:24:39,Bagpipes are played at #BillyGrahamFuneral as the casket carrying the body of the late Rev. #BillyGraham is carried‚Ä¶ https://t.co/3mfDSiZH26,87,@FoxNews
388,-0.296,0.128,0.872,0.0,03-02-2018 17:11:03,"Chris Wallace: ""There's no question he's one of the giants of the 20th century."" #BillyGraham https://t.co/K3NdZZK0m3",88,@FoxNews
389,-0.128,0.158,0.842,0.0,03-02-2018 16:34:39,RT @FoxBusiness: Companies cutting ties with the NRA https://t.co/8bqvABF6X6,89,@FoxNews
390,0.0,0.0,1.0,0.0,03-02-2018 14:06:45,"Moments ago, President @realDonaldTrump tweeted that: ""IF YOU DON'T HAVE STEEL, YOU DON'T HAVE A COUNTRY!"" https://t.co/HYvCehyyMA",90,@FoxNews
391,-0.128,0.103,0.897,0.0,03-02-2018 12:04:57,.@Surgeon_General on @foxandfriends: ‚ÄúWe know our president has always been tough on drugs.‚Äù https://t.co/qWlEG4w6fm,91,@FoxNews
392,0.0,0.0,1.0,0.0,03-02-2018 10:30:01,.@SenSchumer on Wednesday voted against a nomination by the #Trump administration to fill a federal judgeship ‚Äî and‚Ä¶ https://t.co/t319sBbBq9,92,@FoxNews
393,0.0,0.0,1.0,0.0,03-02-2018 07:00:24,Jesse Jackson Jr. seeks to unload $2M house amid unemployed wife's lavish lifestyle: report https://t.co/rd65TxiokT (via @LukasMikelionis),93,@FoxNews
394,0.0,0.0,1.0,0.0,03-02-2018 03:32:06,.@SenSchumer on Wednesday voted against a nomination by the #Trump administration to fill a federal judgeship ‚Äî and‚Ä¶ https://t.co/gvnOmZapXZ,94,@FoxNews
395,-0.2732,0.231,0.769,0.0,03-02-2018 01:02:46,Low @BlueAngels takeoff covers onlookers in dust. https://t.co/iPEUarWFBM,95,@FoxNews
396,0.0,0.0,1.0,0.0,03-01-2018 23:10:32,"Stock market plunges following President @realDonaldTrump's announcement on steel, aluminum tariffs. #SpecialReport‚Ä¶ https://t.co/7pBSuzhzH0",96,@FoxNews
397,0.0,0.0,1.0,0.0,03-01-2018 21:22:55,RT @FoxBusiness: #BreakingNews: Major averages end down more than 1% after @POTUS' tariff comments. https://t.co/vPDBzccuU4,97,@FoxNews
398,-0.2263,0.101,0.899,0.0,03-01-2018 19:51:12,".@PressSec: ""@POTUS is concerned about the men and women of this country who have been forgotten about."" https://t.co/XSmWZn6E1L",98,@FoxNews
399,0.0,0.0,1.0,0.0,03-01-2018 17:57:25,Caged gorilla statue called ‚Äòracially insensitive‚Äô will return to Texas park https://t.co/v9hSv9jd19,99,@FoxNews
400,0.4215,0.0,0.843,0.157,03-10-2018 08:31:06,RT @AKannapell: What We‚Äôre Reading: @SamSifton likes @aswordmaven‚Äôs report from a hot N.Y. restaurant's backstage (@bonappetit); @marclacey‚Ä¶,0,@nytimes
401,-0.4939,0.127,0.873,0.0,03-10-2018 03:17:02,"RT @nytpolitics: Satellite imagery shows that North Korea appears to be making new nuclear bomb fuel, even  as Kim Jong-un has expressed wi‚Ä¶",1,@nytimes
402,0.0,0.0,1.0,0.0,03-09-2018 22:28:04,"36 Hours in Auckland: The New Zealand city is laid-back and outdoorsy, but its sophistication shines https://t.co/BiyT97CC6D",2,@nytimes
403,0.0,0.0,1.0,0.0,03-09-2018 18:30:45,"""Literature cannot be the business of a woman‚Äôs life,"" young Charlotte Bront√´ was mansplained ‚Äî advice she fortunat‚Ä¶ https://t.co/4036wuCKiU",3,@nytimes
404,0.0,0.0,1.0,0.0,03-09-2018 13:37:14,"Breaking News: The U.S. economy added 313,000 jobs in February, far exceeding analysts' expectations. The jobless r‚Ä¶ https://t.co/cXWKKfmH61",4,@nytimes
405,-0.6486,0.261,0.739,0.0,03-09-2018 09:16:01,"President Trump has accused China of unfair tactics in the steel trade, including transshipping.  A fact check: https://t.co/irX50EWVLY",5,@nytimes
406,0.4528,0.072,0.78,0.148,03-09-2018 04:35:04,RT @sewellchan: Honored to contribute this essay on trans pioneer Marsha P. Johnson to our new series OVERLOOKED. Her contributions to the‚Ä¶,6,@nytimes
407,0.2732,0.0,0.9,0.1,03-09-2018 00:33:00,The South Korean official who conveyed the invitation told reporters that Trump had accepted it and would meet with‚Ä¶ https://t.co/zZrCd94Alx,7,@nytimes
408,0.0,0.0,1.0,0.0,03-08-2018 21:05:03,Deceptively simple to make and the payoff is just sublime https://t.co/q3LkEi3CGq,8,@nytimes
409,0.0,0.0,1.0,0.0,03-08-2018 18:15:07,"RT @nytopinion: The next Standing Rock may be in Oregon, where the Klamath Tribes have joined with other Native American tribes to oppose a‚Ä¶",9,@nytimes
410,-0.0258,0.061,0.939,0.0,03-08-2018 15:04:52,"@NatalieOrnell This is just a start. We‚Äôll be adding to this collection each week, as Overlooked becomes a regular‚Ä¶ https://t.co/wIgq14YgOD",10,@nytimes
411,0.3612,0.0,0.884,0.116,03-08-2018 11:45:04,"A group of 11 nations ‚Äî including major U.S. allies like Japan, Canada and Australia ‚Äî is set to sign a broad trade‚Ä¶ https://t.co/kbxPa3e9X6",11,@nytimes
412,0.891,0.0,0.621,0.379,03-08-2018 06:43:05,RT @nytimesworld: ‚ÄúWe had hoped that you ‚Äî as someone we and many others have celebrated for your commitment to human dignity and universal‚Ä¶,12,@nytimes
413,-0.296,0.127,0.802,0.071,03-08-2018 01:32:03,Ted Cruz launched his general re-election campaign by mocking his Democratic opponent for going by his childhood ni‚Ä¶ https://t.co/oLtr84qwea,13,@nytimes
414,0.5719,0.0,0.812,0.188,03-07-2018 21:30:04,"Congressional Republicans and industry leaders, who only recently were celebrating the passage of a sweeping tax cu‚Ä¶ https://t.co/igFDiscCTo",14,@nytimes
415,-0.6124,0.238,0.762,0.0,03-07-2018 18:40:42,‚ÄúThis is basically going to war.‚Äù California‚Äôs governor struck back after Attorney General Jeff Sessions attacked t‚Ä¶ https://t.co/CwetPpkj9a,15,@nytimes
416,0.2023,0.0,0.913,0.087,03-07-2018 16:06:02,"Stocks fell in early trading on Wall Street, a day after President Trump‚Äôs top economic adviser, Gary Cohn, said he‚Ä¶ https://t.co/u6bhiuVrqN",16,@nytimes
417,0.0,0.0,1.0,0.0,03-07-2018 12:30:08,Full results and maps from the Texas primaries https://t.co/WhLZDBW58T,17,@nytimes
418,0.0,0.0,1.0,0.0,03-07-2018 07:38:54,"The actress Cynthia Nixon is talking with 2 veteran Democratic political operatives, a sign that she may be moving‚Ä¶ https://t.co/DUSvcFYKbv",18,@nytimes
419,0.0,0.0,1.0,0.0,03-07-2018 03:02:06,"‚ÄúWho made history?‚Äù chanted the throng of red-clad West Virginia teachers, who had defied state officials by stagin‚Ä¶ https://t.co/QSW38TPcPi",19,@nytimes
420,0.2023,0.0,0.878,0.122,03-06-2018 23:03:04,Here are the top officials in the Trump White House who have left https://t.co/CBoskDdasx,20,@nytimes
421,0.2023,0.0,0.913,0.087,03-06-2018 18:48:32,The corruption trial of a former top aide to Governor Andrew Cuomo could be headed to a mistrial after jurors said‚Ä¶ https://t.co/PNcdu5Uzse,21,@nytimes
422,0.3291,0.0,0.879,0.121,03-06-2018 15:55:03,"Happy Birthday, Gabriel Garc√≠a M√°rquez.

From December: M√°rquez's literary remains may be in Texas, but a new digit‚Ä¶ https://t.co/Py3fIZ0p2J",22,@nytimes
423,-0.5106,0.345,0.504,0.151,03-06-2018 11:24:22,Can This Judge Solve the Opioid Crisis? https://t.co/UTEHToSNzV,23,@nytimes
424,-0.946,0.489,0.511,0.0,03-06-2018 06:02:02,"RT @NYTScience: Trauma surgeons recount the horror of assault weapons: ""You will see multiple organs shattered. The exit wounds can be a fo‚Ä¶",24,@nytimes
425,0.4767,0.0,0.744,0.256,03-06-2018 01:37:06,The complete list of winners at the 2018 Oscars https://t.co/tNKGLu5PVC,25,@nytimes
426,0.0,0.0,1.0,0.0,03-05-2018 21:15:03,"In one of China‚Äôs biggest cities, the women-only subway cars are full of men https://t.co/WgkWPzg7jb",26,@nytimes
427,0.6361,0.102,0.639,0.259,03-05-2018 18:45:12,"‚ÄúImmigrants are the perfect scapegoat for all manner of angst, both economic and cultural, and very easy fertile gr‚Ä¶ https://t.co/PVv4TUnk2R",27,@nytimes
428,0.0,0.0,1.0,0.0,03-05-2018 15:45:11,"Jimmy Kimmel threw barbs at Harvey Weinstein, President Trump and Mike Pence https://t.co/WuTFHnqCkh",28,@nytimes
429,-0.1531,0.14,0.753,0.108,03-05-2018 11:10:08,"The State Department was granted $120 million to fight Russian meddling. It has spent $0.
https://t.co/omgJPpXNzq",29,@nytimes
430,0.0,0.0,1.0,0.0,03-05-2018 05:37:24,South Korean Envoys Fly to North Korea to Meet Kim Jong-un https://t.co/DA6h9wOuNa,30,@nytimes
431,0.4767,0.0,0.763,0.237,03-05-2018 03:56:46,"A running list of Oscar winners so far, including Jordan Peele https://t.co/Pqxci8UTEe",31,@nytimes
432,-0.0772,0.202,0.648,0.15,03-05-2018 02:29:35,"Allison Janney just won an Oscar for ""I, Tonya."" She channeled her harsh inner critic to get it. https://t.co/9sSfGvd3c9",32,@nytimes
433,0.0,0.0,1.0,0.0,03-05-2018 01:09:06,What @Wesley_Morris is watching for at this year's Oscars ceremony  https://t.co/NFvp3uJc22 https://t.co/kW0QJ2xul7,33,@nytimes
434,-0.3802,0.115,0.885,0.0,03-04-2018 23:20:47,"RT @poniewozik: Background on Seacrest, for whom E! was reportedly also considering a 30-second delay in case someone brought up the issue‚Ä¶",34,@nytimes
435,0.5859,0.0,0.847,0.153,03-04-2018 19:53:03,"Helen Mirren on the power of #MeToo: ""It‚Äôs an amazing moment, isn‚Äôt it? I‚Äôve never wanted to be younger than I am,‚Ä¶ https://t.co/XJOVBDwND6",35,@nytimes
436,0.0,0.0,1.0,0.0,03-04-2018 15:07:50,RT @nytimesmusic: The David Bowie you‚Äôve never seen https://t.co/U5gvL55VPN https://t.co/KgAdLNw6iv,36,@nytimes
437,0.0,0.0,1.0,0.0,03-04-2018 09:19:23,What can we expect at this year's Oscars? https://t.co/p0Ui2wVn8Y,37,@nytimes
438,-0.4215,0.177,0.823,0.0,03-04-2018 04:24:23,Researchers are struggling to understand what causes ‚Äúself-neglect‚Äù ‚Äî and how to fix it https://t.co/IuDsqURMXK,38,@nytimes
439,0.3818,0.0,0.822,0.178,03-03-2018 23:36:42,"In a remote Colombian jungle, citizens move to protect ""the river of 5 colors"" https://t.co/mL5Ig1uvEF",39,@nytimes
440,-0.3612,0.217,0.783,0.0,03-03-2018 18:47:01,"If a channel receives 3 strikes within 3 months, YouTube‚Äã terminates it https://t.co/yhHWPHEVzN",40,@nytimes
441,0.2567,0.184,0.541,0.275,03-03-2018 14:02:04,"Modern Love: ""I had assumed I was straight; I was just really, really bad at it."" https://t.co/4srlibGvV6",41,@nytimes
442,0.0772,0.0,0.885,0.115,03-03-2018 09:46:29,Doctors: The Challenge of Doctor-Patient Relations in the Internet Age https://t.co/9rYMzzCgO1,42,@nytimes
443,0.4215,0.0,0.851,0.149,03-03-2018 04:26:03,RT @nytopinion: The teachers in West Virginia can provide workers throughout the country with a powerful lesson. https://t.co/8yb0GMi44h,43,@nytimes
444,-0.2263,0.245,0.542,0.213,03-02-2018 23:32:03,"RT @nytopinion: It‚Äôs been inspiring and thrilling to watch furious, cleareyed teenagers shame and vilify gutless politicians and soul-dead‚Ä¶",44,@nytimes
445,0.0,0.0,1.0,0.0,03-02-2018 19:20:11,"The airstrikes have been unrelenting in a Damascus suburb and families have headed into basements and dank tunnels,‚Ä¶ https://t.co/vhCoRdsVsa",45,@nytimes
446,0.296,0.196,0.489,0.315,03-02-2018 14:45:09,"""Trade wars are good, and easy to win,"" President Trump tweeted https://t.co/6YPTxRI6xw",46,@nytimes
447,0.7003,0.0,0.756,0.244,03-02-2018 10:00:26,RT @nytopinion: White House nepotism is only one element of Trump‚Äôs determination to install unqualified friends and political lackeys acro‚Ä¶,47,@nytimes
448,0.6486,0.0,0.762,0.238,03-02-2018 05:02:03,"The net worth of the richest members of China's legislature now totals $650 billion, a touch below Switzerland‚Äôs an‚Ä¶ https://t.co/B7StZVeeJ6",48,@nytimes
449,-0.5106,0.185,0.815,0.0,03-02-2018 00:30:08,"RT @nytpolitics: The ex-F.B.I. deputy director, long derided by President Trump, will be criticized in an internal inquiry over leaks about‚Ä¶",49,@nytimes
450,-0.128,0.12,0.785,0.094,03-01-2018 20:45:10,Arizona men‚Äôs basketball coach vehemently pushed back against accusations that he discussed paying a top recruit $1‚Ä¶ https://t.co/9fxdJemVNN,50,@nytimes
451,0.2023,0.113,0.735,0.152,03-01-2018 17:45:13,Bipartisan members of the Senate Intelligence Committee have concluded that House Republicans leaked private text m‚Ä¶ https://t.co/3ZNftxge2e,51,@nytimes
452,-0.0258,0.128,0.749,0.123,03-01-2018 14:44:03,"Vladimir Putin introduced new weapons developed by Russia, telling Europe and the United States that he was prepare‚Ä¶ https://t.co/kJV8IugkeF",52,@nytimes
453,-0.7717,0.271,0.729,0.0,03-01-2018 09:45:07,A teacher at a high school in Georgia was arrested after he barricaded himself in his classroom and fired at least‚Ä¶ https://t.co/4FzTQKMvJl,53,@nytimes
454,0.3182,0.0,0.777,0.223,03-01-2018 05:05:06,The truth about national identity? It‚Äôs made up. https://t.co/iv1yXVaZIk,54,@nytimes
455,0.0,0.0,1.0,0.0,03-01-2018 00:51:04,Inside the mysterious art ‚Äî and big business ‚Äî of color forecasting https://t.co/8GPk5C7Om5,55,@nytimes
456,0.7003,0.0,0.734,0.266,02-28-2018 21:13:59,"It offers hairstylists, makeup artists and models a space to create and showcase styles that celebrate the versatil‚Ä¶ https://t.co/YLusmZtJgI",56,@nytimes
457,0.0,0.0,1.0,0.0,02-28-2018 19:10:00,28. ‚ÄúThe Watermelon Woman‚Äù (1996): The moral of this movie is that ‚Äúsometimes you have to invent your own history.‚Äù‚Ä¶ https://t.co/BB9bOhIOwF,57,@nytimes
458,0.0,0.0,1.0,0.0,02-28-2018 15:30:19,"""If Xi stays in office for life, as many now expect, that will only formalize a process he has undertaken for years‚Ä¶ https://t.co/JAl5AqTeN1",58,@nytimes
459,-0.5423,0.241,0.759,0.0,02-28-2018 11:15:11,NBC Universal defended Ryan Seacrest against sexual harassment allegations on Tuesday https://t.co/Ltz4FgGpL7,59,@nytimes
460,0.0,0.0,1.0,0.0,02-28-2018 06:17:04,"RT @nytimesworld: ‚ÄúBefore I just stayed in the house and I couldn‚Äôt even wake up in the morning,‚Äù says an Arab woman in northern Syria. ‚ÄúNo‚Ä¶",60,@nytimes
461,-0.6124,0.357,0.643,0.0,02-28-2018 01:32:09,How low must unemployment go for workers to get a raise? https://t.co/Y4AuiNGoK2,61,@nytimes
462,0.0,0.0,1.0,0.0,02-27-2018 21:25:09,"Opinion: ""How much longer must transgender people continue to participate in public conversations about whether or‚Ä¶ https://t.co/asRMvsOR4t",62,@nytimes
463,0.5574,0.0,0.739,0.261,02-27-2018 18:23:03,Craft breweries are helping revive sleepy commercial districts and bringing tourist dollars to downtowns https://t.co/45EW3qU9kU,63,@nytimes
464,-0.0258,0.189,0.629,0.183,02-27-2018 15:25:15,Italy is having an election. Most Italians are too depressed to care. https://t.co/Tuvzhb7Y22,64,@nytimes
465,0.5106,0.0,0.807,0.193,02-27-2018 10:31:04,"To revive a disused railway as a leisure trail, an Irish council had to persuade 161 landowners to allow hordes of‚Ä¶ https://t.co/xH0zgPq3B6",65,@nytimes
466,-0.3182,0.113,0.887,0.0,02-27-2018 05:32:04,"Nearly 1,000 power workers have left Puerto Rico in the past 2 weeks even though many still lack power https://t.co/6QPdFTPn2a",66,@nytimes
467,0.3716,0.0,0.827,0.173,02-27-2018 00:33:04,"Companies are using President Trump's tax-cut savings to buy their own shares. That's good for investors, but doesn‚Ä¶ https://t.co/TyoGE4LNhr",67,@nytimes
468,0.2111,0.0,0.87,0.13,02-26-2018 20:08:20,"Roger Goodell plans to fine the Cowboys owner Jerry Jones millions of dollars, partly for his challenge to the NFL‚Ä¶ https://t.co/XvWJKxzyJZ",68,@nytimes
469,-0.4404,0.209,0.791,0.0,02-26-2018 16:50:09,"‚ÄúMaroon berets don‚Äôt cry,‚Äù President Erdogan told the weeping 6-year-old girl https://t.co/drxqLI4nAh",69,@nytimes
470,0.2235,0.0,0.9,0.1,02-26-2018 14:00:12,"Samara, 15, cannot stop thinking about that afternoon when she fled through a blood-covered hallway. ""I keep having‚Ä¶ https://t.co/vlA9WOCe02",70,@nytimes
471,0.0,0.0,1.0,0.0,02-26-2018 08:55:04,"Technology borrowed from medicine might finally answer some lingering questions about Vermeer's ""Girl With a Pearl‚Ä¶ https://t.co/EBhM2DpcZw",71,@nytimes
472,0.0,0.0,1.0,0.0,02-26-2018 04:03:22,"Sridevi Kapoor, Bollywood‚Äôs First Female Superstar, Dies at 54 https://t.co/dzTaL4IuCX",72,@nytimes
473,0.5719,0.0,0.73,0.27,02-26-2018 00:16:07,Book Entry: Review: How Corporate America Won Its Civil Rights https://t.co/OmRvVCbIdl,73,@nytimes
474,-0.4767,0.154,0.846,0.0,02-25-2018 20:30:07,President Trump said the redistricting of the Pennsylvania congressional map was ‚Äúvery unfair to Republicans and to‚Ä¶ https://t.co/7hVVRrK7AO,74,@nytimes
475,-0.4019,0.124,0.876,0.0,02-25-2018 16:26:37,"In addition to the effects of climate change, human engineering has contributed broadly to the losses of wetlands i‚Ä¶ https://t.co/S12q49ab9a",75,@nytimes
476,-0.4767,0.147,0.853,0.0,02-25-2018 13:30:12,Trump mixed facts and falsehoods in a speech at CPAC. Here's a look at what he got right and wrong: https://t.co/hmky2xJzjK,76,@nytimes
477,0.0,0.0,1.0,0.0,02-25-2018 09:51:31,"Breaking News: China has proposed abolishing a two-term limit on the presidency, clearing the way for Xi Jinping to‚Ä¶ https://t.co/O3hdxICfu3",77,@nytimes
478,0.0,0.0,1.0,0.0,02-25-2018 04:46:02,Have you been saying ‚ÄúI could do that!‚Äù while watching the Winter Olympics? Prove it. https://t.co/l6QGtm6Ryo,78,@nytimes
479,-0.3182,0.204,0.796,0.0,02-25-2018 00:27:08,Loose Ends: Wanted: A Personal Assistant for Some Unconventional Tasks https://t.co/jpcD2HxNKI,79,@nytimes
480,-0.1027,0.114,0.792,0.094,02-24-2018 19:52:03,"When Antioch College first introduced its affirmative sexual consent policy it was roundly mocked. Since then, camp‚Ä¶ https://t.co/0pwhMI8GfR",80,@nytimes
481,-0.5267,0.159,0.841,0.0,02-24-2018 15:42:06,"The conspiracy theories about the school shooting survivors in Parkland, Florida have roots dating to the civil rig‚Ä¶ https://t.co/H8KhfmQ4it",81,@nytimes
482,-0.5574,0.167,0.833,0.0,02-24-2018 11:02:06,"RT @nytopinion: A conservative prime minister in Australia was able to confiscate some 650,000 privately owned firearms and ban semiautomat‚Ä¶",82,@nytimes
483,-0.3612,0.22,0.664,0.116,02-24-2018 06:47:01,"Citing safety concerns and frustrations with antidoping efforts, the U.S. biathlon team says it will boycott an eve‚Ä¶ https://t.co/MmgTG7HdL4",83,@nytimes
484,0.5106,0.0,0.852,0.148,02-24-2018 02:31:10,"In their hometown, curling fans cheer themselves hoarse for Korea's Garlic Girls who have emerged as the most unexp‚Ä¶ https://t.co/ZeWjz5QHg0",84,@nytimes
485,-0.7579,0.339,0.508,0.153,02-23-2018 22:20:47,"Rick Gates, a top Trump campaign aide, pleaded guilty to fraud and lying to investigators in the special counsel in‚Ä¶ https://t.co/IOX1GR697l",85,@nytimes
486,0.3818,0.0,0.822,0.178,02-23-2018 19:10:51,Citigroup overcharged nearly 2 million credit card customers. It's preparing to issue refunds. https://t.co/TfVLVa7hGL,86,@nytimes
487,0.0,0.0,1.0,0.0,02-23-2018 16:43:04,What does this note say about Trump's empathy? https://t.co/hPH81FQmo0,87,@nytimes
488,0.0,0.0,1.0,0.0,02-23-2018 13:30:08,"Guards replaced the cocaine with flour and returned the bags to the embassy, fitted with tracking devices. ""The dru‚Ä¶ https://t.co/UohjIra5SZ",88,@nytimes
489,0.0,0.0,1.0,0.0,02-23-2018 08:36:04,"‚ÄúI‚Äôve acknowledged that in many areas, I‚Äôm rough around the edges,‚Äù Barnaby Joyce, Australia‚Äôs deputy prime ministe‚Ä¶ https://t.co/RFEGxowAtK",89,@nytimes
490,0.4215,0.064,0.811,0.125,02-23-2018 04:22:03,"RT @NYTSports: Genie Bouchard won her lawsuit, as the jury found that the USTA was liable for her fall at the US Open in 2015. https://t.co‚Ä¶",90,@nytimes
491,-0.5574,0.175,0.825,0.0,02-23-2018 01:02:06,"One of the country‚Äôs biggest charter school chains fired a co-founder, Michael Feinberg, over claims that he‚Äôd sexu‚Ä¶ https://t.co/H1Vm39yx18",91,@nytimes
492,-0.7574,0.276,0.724,0.0,02-22-2018 21:10:09,"RT @UpshotNYT: If the blue wave hits this November, Republican governors could suffer the most losses, via @FiveThirtyEight https://t.co/GD‚Ä¶",92,@nytimes
493,0.0,0.0,1.0,0.0,02-22-2018 17:55:16,‚ÄúLet It Go‚Äù was a showstopper. Now Elsa's got a new song to sing. https://t.co/kQJKGgjAp8,93,@nytimes
494,0.4019,0.0,0.863,0.137,02-22-2018 14:30:26,"President Trump said he wanted to give ""concealed guns"" to teachers with ""military or special training experience"" https://t.co/vdBEiv5E1d",94,@nytimes
495,0.0,0.127,0.746,0.127,02-22-2018 09:44:01,RT @nytimesworld: Hard-line Brexit supporters are dismayed as a report suggests that a post-EU transition could stretch beyond two years ht‚Ä¶,95,@nytimes
496,0.7003,0.0,0.766,0.234,02-22-2018 05:47:06,"Minnie Driver said that Matt Damon ""represented every intelligent, nice white male who feels it is their job to com‚Ä¶ https://t.co/Ko97mDr1OZ",96,@nytimes
497,0.4019,0.0,0.886,0.114,02-22-2018 02:56:03,"RT @nytopinion: What do the school shootings have in common? Guns, yes. But also, boys. It's always boys pulling the triggers. https://t.co‚Ä¶",97,@nytimes
498,0.5719,0.0,0.778,0.222,02-21-2018 23:31:48,Mikaela Shiffrin has won a lot of slalom races. She's hungry for more. https://t.co/JSKrRJcgU0 https://t.co/bEOkusEK2S,98,@nytimes
499,0.0,0.0,1.0,0.0,02-21-2018 20:28:00,"@nytopinion @carvellwallace @ManohlaDargis From @Refinery29: The costume designer for ""Black Panther"" wanted to mak‚Ä¶ https://t.co/8rt0pcYFsi",99,@nytimes
